sensorsatu,sensordua,sensortiga,label
0.0,2.8,0.4,0
0.1,2.8,2.8,0
0.2,2.8,1.4,0
0.3,2.4,0.1,0
0.5,2.7,2.2,0
0.6,2.5,1.7,0
0.7,2.6,0.6,0
0.8,2.1,2.5,0
0.9,2.2,1.4,0
1.0,2.3,0.2,0
1.1,2.1,2.1,0
1.2,1.4,1.0,0
1.3,1.7,0.1,0
1.4,1.9,2.0,0
1.5,1.5,1.3,0
1.6,1.4,0.2,0
1.7,1.1,2.1,0
1.8,1.2,1.4,0
1.9,1.9,0.5,0
2.0,1.0,2.8,0
2.1,1.1,1.7,0
2.2,0.4,0.6,0
2.3,0.5,2.5,0
2.4,0.0,1.4,0
2.5,0.1,0.1,0
2.6,0.2,2.3,0
2.7,0.1,1.1,0
2.8,1.6,0.6,0
2.8,1.7,2.5,0
2.8,1.9,1.4,0
2.8,0.0,2.9,0
2.8,0.1,2.9,0
2.8,0.2,3.0,0
2.4,0.3,4.1,0
2.7,0.5,5.2,0
2.5,0.6,7.6,0
2.6,0.7,8.4,0
2.1,0.8,9.7,0
2.2,0.9,10.9,0
2.3,1.0,11.4,0
2.1,1.1,15.1,0
1.4,1.2,17.5,0
1.7,1.3,21.3,0
1.9,1.4,20.1,0
1.5,1.5,43.1,0
1.4,1.6,48.4,0
1.1,1.7,39.5,0
1.2,1.8,33.6,0
1.9,1.9,30.1,0
1.0,2.0,31.6,0
1.1,2.1,56.0,0
0.4,2.2,54.1,0
0.5,2.3,59.3,0
0.0,2.4,67.4,0
0.1,2.5,66.9,0
0.2,2.6,71.0,0
0.1,2.7,73.1,0
1.6,2.8,74.7,0
1.7,2.8,84.3,0
1.9,2.8,88.0,0
2.9,2.8,89.0,0
2.9,2.8,89.5,0
3.0,2.8,90.4,0
4.1,2.4,91.1,0
5.2,2.7,91.2,0
7.6,2.5,92.9,0
8.4,2.6,95.7,0
9.7,2.1,97.4,0
10.9,2.2,100.6,0
11.4,2.3,114.3,0
15.1,2.1,101.0,0
17.5,1.4,102.1,0
21.3,1.7,106.1,0
20.1,1.9,106.0,0
43.1,1.5,107.2,0
48.4,1.4,108.1,0
39.5,1.1,149.1,0
33.6,1.2,136.2,0
30.1,1.9,124.4,0
31.6,1.0,111.8,0
56.0,1.1,110.6,0
54.1,0.4,121.4,0
59.3,0.5,120.7,0
67.4,0.0,132.1,0
66.9,0.1,133.2,0
71.0,0.2,147.6,0
73.1,0.1,159.0,0
74.7,1.6,151.1,0
84.3,1.7,166.3,0
88.0,1.9,167.4,0
2.8,2.9,0.0,0
2.8,2.9,0.1,0
2.8,3.0,0.2,0
2.4,4.1,0.3,0
2.7,5.2,0.5,0
2.5,7.6,0.6,0
2.6,8.4,0.7,0
2.1,9.7,0.8,0
2.2,10.9,0.9,0
2.3,11.4,1.0,0
2.1,15.1,1.1,0
1.4,17.5,1.2,0
1.7,21.3,1.3,0
1.9,20.1,1.4,0
1.5,43.1,1.5,0
1.4,48.4,1.6,0
1.1,39.5,1.7,0
1.2,33.6,1.8,0
1.9,30.1,1.9,0
1.0,31.6,2.0,0
1.1,56.0,2.1,0
0.4,54.1,2.2,0
0.5,59.3,2.3,0
0.0,67.4,2.4,0
0.1,66.9,2.5,0
0.2,71.0,2.6,0
0.1,73.1,2.7,0
1.6,74.7,2.8,0
1.7,84.3,2.8,0
1.9,88.0,2.8,0
0.4,88.0,2.9,0
2.8,85.1,2.9,0
1.4,81.0,3.0,0
0.1,40.5,4.1,0
2.2,73.4,5.2,0
1.7,51.2,7.6,0
0.6,6.6,8.4,0
2.5,27.4,9.7,0
1.4,19.5,10.9,0
0.2,4.1,11.4,0
2.1,26.2,15.1,0
1.0,11.5,17.5,0
0.1,4.4,21.3,0
2.0,5.1,20.1,0
1.3,20.3,43.1,0
0.2,15.6,48.4,0
2.1,46.4,39.5,0
1.4,5.7,33.6,0
0.5,31.8,30.1,0
2.8,22.4,31.6,0
1.7,21.1,56.0,0
0.6,40.0,54.1,0
2.5,11.9,59.3,0
1.4,29.6,67.4,0
0.1,6.1,66.9,0
2.3,46.4,71.0,0
1.1,73.7,73.1,0
0.6,81.8,74.7,0
2.5,9.5,84.3,0
1.4,31.2,88.0,0
0.0,2.9,89.0,0
0.1,2.9,89.5,0
0.2,3.0,90.4,0
0.3,4.1,91.1,0
0.5,5.2,91.2,0
0.6,7.6,92.9,0
0.7,8.4,95.7,0
0.8,9.7,97.4,0
0.9,10.9,100.6,0
1.0,11.4,114.3,0
1.1,15.1,101.0,0
1.2,17.5,102.1,0
1.3,21.3,106.1,0
1.4,20.1,106.0,0
1.5,43.1,107.2,0
1.6,48.4,108.1,0
1.7,39.5,149.1,0
1.8,33.6,136.2,0
1.9,30.1,124.4,0
2.0,31.6,111.8,0
2.1,56.0,110.6,0
2.2,54.1,121.4,0
2.3,59.3,120.7,0
2.4,67.4,132.1,0
2.5,66.9,133.2,0
2.6,71.0,147.6,0
2.7,73.1,159.0,0
2.8,74.7,151.1,0
2.8,84.3,166.3,0
2.8,88.0,167.4,0
2.8,89.0,0.4,0
2.8,89.5,2.8,0
2.8,90.4,1.4,0
2.4,91.1,0.1,0
2.7,91.2,2.2,0
2.5,92.9,1.7,0
2.6,95.7,0.6,0
2.1,97.4,2.5,0
2.2,100.6,1.4,0
2.3,114.3,0.2,0
2.1,101.0,2.1,0
1.4,102.1,1.0,0
1.7,106.1,0.1,0
1.9,106.0,2.0,0
1.5,107.2,1.3,0
1.4,108.1,0.2,0
1.1,149.1,2.1,0
1.2,136.2,1.4,0
1.9,124.4,0.5,0
1.0,111.8,2.8,0
1.1,110.6,1.7,0
0.4,121.4,0.6,0
0.5,120.7,2.5,0
0.0,132.1,1.4,0
0.1,133.2,0.1,0
0.2,147.6,2.3,0
0.1,159.0,1.1,0
1.6,151.1,0.6,0
1.7,166.3,2.5,0
1.9,167.0,1.4,0
2.8,89.5,2.9,0
2.8,89.4,2.9,0
2.8,90.9,3.3,0
2.4,91.7,4.2,0
2.7,91.5,5.2,0
2.5,92.3,7.6,0
2.6,95.2,8.4,0
2.1,94.0,9.7,0
2.2,96.1,10.1,0
2.3,98.0,11.4,0
2.1,99.0,15.1,0
1.4,100.3,17.0,0
1.7,101.6,21.3,0
1.9,101.4,20.1,0
1.5,105.2,43.1,0
1.4,108.5,48.4,0
1.1,107.4,39.5,0
1.2,117.1,33.5,0
1.9,118.6,30.1,0
1.0,124.9,31.6,0
1.1,125.8,56.0,0
0.4,133.7,54.1,0
0.5,142.1,59.4,0
0.0,151.2,67.4,0
0.1,167.0,66.9,0
0.2,117.1,71.0,0
0.1,158.2,73.6,0
1.6,154.6,74.7,0
1.7,125.4,84.7,0
1.9,126.5,88.0,0
0.9,89.4,99.2,0
1.5,89.1,100.1,0
2.8,90.3,101.4,0
1.6,91.6,101.7,0
2.2,91.9,105.8,0
0.1,92.8,108.6,0
1.4,95.4,107.4,0
2.5,94.5,117.3,0
0.8,96.1,118.0,0
1.7,98.0,124.1,0
1.4,99.2,125.5,0
1.1,100.1,133.9,0
2.2,101.4,91.2,0
2.3,101.7,92.9,0
2.0,105.8,95.7,0
2.5,108.6,97.4,0
0.0,107.4,100.6,0
1.4,117.3,114.3,0
0.0,118.0,101.0,0
0.1,124.1,102.1,0
0.4,125.5,106.1,0
0.5,133.9,106.0,0
1.8,142.7,107.2,0
2.6,151.5,108.1,0
0.3,167.0,149.1,0
1.0,117.4,142.7,0
2.1,158.1,151.5,0
0.0,154.3,167.0,0
2.4,125.6,117.4,0
1.1,126.8,158.1,0
8.4,2.5,2.8,0
9.7,0.0,2.8,0
10.1,1.4,2.8,0
11.4,0.0,2.4,0
15.1,0.1,2.7,0
17.0,0.4,2.5,0
21.3,0.5,2.6,0
20.1,1.8,2.1,0
43.1,2.6,2.2,0
48.4,0.3,2.3,0
39.5,1.0,2.1,0
33.5,2.1,1.4,0
30.1,0.0,1.7,0
31.6,2.4,1.9,0
2.9,1.1,1.5,0
2.9,2.8,1.4,0
3.3,2.8,1.1,0
4.2,2.8,1.2,0
5.2,2.4,1.9,0
7.6,2.7,1.0,0
56.0,2.5,1.1,0
54.1,2.6,0.4,0
59.4,2.1,0.5,0
67.4,2.2,0.0,0
66.9,2.3,0.1,0
71.0,2.1,0.2,0
73.6,1.4,0.1,0
74.7,1.7,1.6,0
84.7,1.9,1.7,0
88.0,1.5,1.9,0
88.0,2.5,2.9,0
85.1,0.0,2.9,0
81.0,1.4,3.3,0
40.5,0.0,4.2,0
73.4,0.1,5.2,0
51.2,0.4,7.6,0
6.6,0.5,8.4,0
27.4,1.8,9.7,0
19.5,2.6,10.1,0
4.1,0.3,4.1,0
26.2,1.0,26.2,0
11.5,2.1,11.5,0
4.4,0.0,4.4,0
5.1,2.4,5.1,0
20.3,1.1,20.3,0
15.6,2.8,15.6,0
46.4,2.8,46.4,0
5.7,2.8,5.7,0
31.8,2.4,31.8,0
22.4,2.7,22.4,0
21.1,2.5,21.1,0
40.0,2.6,40.0,0
11.9,2.1,11.9,0
29.6,2.2,29.6,0
6.1,2.3,6.1,0
46.4,2.1,46.4,0
73.7,1.4,73.7,0
81.8,1.7,81.8,0
9.5,1.9,9.5,0
31.2,1.5,31.2,0
2.9,2.8,89.7,0
2.9,2.8,89.6,0
3.0,2.8,90.2,0
4.1,2.4,91.3,0
5.2,2.7,91.1,0
7.6,2.5,92.7,0
8.4,2.6,95.5,0
9.7,2.1,94.2,0
10.9,2.2,96.0,0
11.4,2.3,98.7,0
15.1,2.1,99.4,0
17.5,1.4,100.6,0
21.3,1.7,101.2,0
20.1,1.9,101.1,0
43.1,1.5,105.9,0
48.4,1.4,108.8,0
39.5,1.1,107.8,0
33.6,1.2,117.7,0
30.1,1.9,118.0,0
31.6,1.0,124.8,0
56.0,1.1,125.0,0
54.1,0.4,133.7,0
59.3,0.5,142.4,0
67.4,0.0,151.6,0
66.9,0.1,167.2,0
71.0,0.2,117.3,0
73.1,0.1,158.3,0
74.7,1.6,154.2,0
84.3,1.7,125.3,0
88.0,1.9,126.4,0
88.0,2.9,2.8,0
85.1,2.9,2.8,0
81.0,3.3,2.8,0
40.5,4.2,2.4,0
73.4,5.2,2.7,0
51.2,7.6,2.5,0
6.6,8.4,2.6,0
27.4,9.7,2.1,0
19.5,10.1,2.2,0
4.1,4.1,2.3,0
26.2,26.2,2.1,0
11.5,11.5,1.4,0
4.4,4.4,1.7,0
5.1,5.1,1.9,0
20.3,20.3,1.5,0
15.6,15.6,1.4,0
2.9,46.4,1.1,0
2.9,5.7,1.2,0
3.3,31.8,1.9,0
4.2,22.4,1.0,0
5.2,21.1,1.1,0
7.6,40.0,0.4,0
8.4,11.9,0.5,0
9.7,29.6,0.0,0
10.1,6.1,0.1,0
4.1,46.4,0.2,0
26.2,73.7,0.1,0
11.5,81.8,1.6,0
4.4,9.5,1.7,0
5.1,31.2,1.9,0
2.9,2.9,0.4,0
2.9,2.9,2.8,0
3.3,3.0,1.4,0
4.2,4.1,0.1,0
5.2,5.2,2.2,0
7.6,7.6,1.7,0
8.4,8.4,0.6,0
9.7,9.7,2.5,0
10.1,10.9,1.4,0
4.1,11.4,0.2,0
26.2,15.1,2.1,0
11.5,17.5,1.0,0
4.4,21.3,0.1,0
5.1,20.1,2.0,0
20.3,43.1,1.3,0
15.6,48.4,0.2,0
46.4,39.5,2.1,0
5.7,33.6,1.4,0
31.8,30.1,0.5,0
22.4,31.6,2.8,0
21.1,56.0,1.7,0
40.0,54.1,0.6,0
11.9,59.3,2.5,0
29.6,67.4,1.4,0
6.1,66.9,0.1,0
46.4,71.0,2.3,0
73.7,73.1,1.1,0
81.8,74.7,0.6,0
9.5,84.3,2.5,0
31.2,88.0,1.4,0
88.0,88.0,105.9,0
85.3,85.1,108.8,0
81.3,81.0,107.8,0
40.5,40.5,117.7,0
73.3,73.4,118.0,0
51.3,51.2,124.8,0
6.6,6.6,125.0,0
27.4,27.4,133.7,0
19.5,19.5,142.4,0
4.3,4.1,151.6,0
26.3,26.2,167.2,0
11.3,11.5,117.3,0
4.4,4.4,158.3,0
5.8,5.1,154.2,0
20.7,20.3,125.3,0
15.6,15.6,126.4,0
2.9,2.9,111.8,0
2.9,2.9,110.6,0
3.3,3.3,121.4,0
4.2,4.2,91.2,0
5.0,5.2,92.9,0
7.9,7.6,95.7,0
8.7,8.4,97.4,0
9.7,9.7,100.6,0
10.1,10.1,114.3,0
4.4,4.1,101.0,0
26.7,26.2,102.1,0
11.4,11.5,124.8,0
4.2,4.4,125.0,0
5.1,5.1,133.7,0
2.9,124.4,0.4,0
2.9,111.8,2.8,0
3.0,110.6,1.4,0
4.1,91.3,0.1,0
5.2,91.1,2.2,0
7.6,92.7,1.7,0
8.4,95.5,0.6,0
9.7,94.2,2.5,0
10.9,96.0,1.4,0
11.4,98.7,0.2,0
15.1,99.4,2.1,0
17.5,100.6,1.0,0
21.3,101.2,0.1,0
20.1,101.1,2.0,0
43.1,105.9,1.3,0
48.4,108.8,0.2,0
39.5,107.8,2.1,0
33.6,117.7,1.4,0
30.1,118.0,0.5,0
31.6,124.8,2.8,0
56.0,125.0,1.7,0
54.1,133.7,0.6,0
59.3,142.4,2.5,0
67.4,151.6,1.4,0
66.9,167.2,0.1,0
71.0,117.3,2.3,0
73.1,158.3,1.1,0
74.7,154.2,0.6,0
84.3,125.3,2.5,0
88.0,126.4,1.4,0
2.9,124.4,2.9,0
2.9,111.8,2.9,0
3.0,110.6,3.2,0
4.1,91.3,4.1,0
5.2,91.1,5.5,0
7.6,92.7,7.6,0
8.4,95.5,8.7,0
9.7,94.2,9.9,0
10.9,96.0,10.1,0
11.4,98.7,11.5,0
15.1,99.4,15.2,0
17.5,100.6,17.3,0
11.5,101.2,11.6,0
4.4,91.3,4.4,0
5.1,91.1,5.1,0
20.3,92.7,20.9,0
15.6,95.5,15.7,0
2.9,94.2,2.5,0
2.9,96.0,2.9,0
3.3,98.7,3.5,0
4.2,99.4,4.2,0
5.2,100.6,5.1,0
7.6,101.2,7.0,0
8.4,101.1,8.1,0
9.7,105.9,9.0,0
10.1,108.8,10.6,0
4.1,89.7,4.7,0
8.4,89.6,8.0,0
9.7,90.2,9.9,0
10.1,91.3,10.8,0
4.4,111.8,111.5,0
5.1,110.6,110.4,0
20.3,121.4,121.1,0
15.6,91.2,91.5,0
2.9,92.9,92.3,0
2.9,95.7,95.0,0
3.3,97.4,97.5,0
4.2,100.6,100.4,0
5.2,114.3,114.9,0
7.6,101.0,101.2,0
8.4,102.1,102.0,0
9.7,98.7,98.4,0
10.1,99.4,99.6,0
4.1,100.6,100.7,0
8.4,101.2,101.2,0
9.7,91.3,91.0,0
10.1,91.1,91.4,0
88.0,92.7,92.1,0
85.1,95.5,95.5,0
81.0,94.2,94.6,0
40.5,96.0,96.7,0
73.4,98.7,98.9,0
51.2,99.4,99.5,0
6.6,100.6,100.4,0
27.4,101.2,101.1,0
19.5,101.1,101.2,0
4.1,105.9,105.3,0
26.2,108.8,108.1,0
11.5,89.7,89.2,0
4.4,89.6,89.0,0
89.0,0.9,0.8,0
89.0,1.5,1.7,0
99.2,2.8,2.5,0
90.5,1.6,1.6,0
91.8,2.2,2.3,0
95.7,0.1,0.4,0
94.4,1.4,1.4,0
95.1,2.5,2.5,0
98.5,0.8,0.2,0
101.6,1.7,1.0,0
103.3,1.4,1.1,0
105.2,1.1,1.2,0
109.1,2.2,2.3,0
111.4,2.3,0.0,0
110.5,2.0,2.4,0
115.2,2.5,2.6,0
119.0,0.0,0.0,0
120.2,1.4,1.8,0
125.1,0.0,0.9,0
129.5,0.1,0.1,0
135.6,0.4,0.5,0
139.0,0.5,0.6,0
149.1,1.8,1.0,0
148.2,2.6,2.1,0
156.5,0.3,0.4,0
157.4,1.0,1.6,0
164.8,2.1,2.3,0
167.0,0.0,0.0,0
165.0,2.4,2.4,0
158.3,1.1,1.6,0
89.0,0.9,8.4,0
89.0,1.3,9.7,0
99.2,2.6,10.1,0
90.5,1.5,11.4,0
91.8,2.4,15.1,0
95.7,0.9,17.0,0
94.4,1.6,21.3,0
95.1,2.3,20.1,0
98.5,0.0,43.1,0
101.6,1.4,48.4,0
103.3,1.5,39.5,0
105.2,1.7,33.5,0
109.1,2.7,30.1,0
111.4,2.1,31.6,0
110.5,2.2,2.9,0
115.2,2.3,2.9,0
119.0,0.4,3.3,0
120.2,1.0,4.2,0
125.1,0.8,5.2,0
129.5,0.5,7.6,0
135.6,0.7,56.0,0
139.0,0.9,54.1,0
149.1,1.6,59.4,0
148.2,2.1,67.4,0
156.5,0.2,66.9,0
157.4,1.5,71.0,0
164.8,2.6,73.6,0
167.0,0.3,74.7,0
165.0,2.1,84.7,0
158.3,2.0,88.0,0
89.0,0.9,89.0,0
89.0,1.3,89.0,0
99.2,2.6,99.2,0
90.5,1.5,90.5,0
91.8,2.4,91.8,0
95.7,0.9,95.7,0
94.4,1.6,94.4,0
95.1,2.3,95.1,0
98.5,0.0,98.5,0
101.6,1.4,101.6,0
103.3,1.5,103.3,0
105.2,1.7,105.2,0
109.1,2.7,109.1,0
111.4,2.1,111.4,0
110.5,2.2,110.5,0
115.2,2.3,115.2,0
119.0,0.4,119.0,0
120.2,1.0,120.2,0
125.1,0.8,125.1,0
129.5,0.5,129.5,0
135.6,0.7,135.6,0
139.0,0.9,139.0,0
149.1,1.6,149.1,0
148.2,2.1,148.2,0
156.5,0.2,156.5,0
157.4,1.5,157.4,0
164.8,2.6,164.8,0
167.0,0.3,167.0,0
165.0,2.1,165.0,0
158.3,2.0,158.3,0
89.4,15.6,0.4,0
89.1,46.4,2.8,0
90.3,5.7,1.4,0
91.6,31.8,0.1,0
91.9,22.4,2.2,0
92.8,21.1,1.7,0
95.4,40.0,0.6,0
94.5,11.9,2.5,0
96.1,29.6,1.4,0
98.0,6.1,0.2,0
99.2,46.4,2.1,0
100.1,73.7,1.0,0
101.4,81.8,0.1,0
101.7,9.5,2.0,0
105.8,31.2,1.3,0
108.6,4.4,0.2,0
107.4,5.8,2.1,0
117.3,20.7,1.4,0
118.0,15.6,0.5,0
124.1,2.9,2.8,0
125.5,2.9,1.7,0
133.9,3.3,0.6,0
142.7,4.2,2.5,0
151.5,5.0,1.4,0
167.0,7.9,0.1,0
117.4,8.7,2.3,0
158.1,9.7,1.1,0
154.3,10.1,0.6,0
125.6,4.4,2.5,0
126.8,26.7,1.4,0
89.4,15.6,15.5,0
89.1,46.4,46.2,0
90.3,5.7,5.1,0
91.6,31.8,31.4,0
91.9,22.4,22.6,0
92.8,21.1,21.0,0
95.4,40.0,40.1,0
94.5,11.9,11.8,0
96.1,29.6,29.6,0
98.0,6.1,6.3,0
99.2,46.4,46.1,0
100.1,73.7,73.1,0
101.4,81.8,81.4,0
101.7,9.5,9.5,0
105.8,31.2,31.8,0
108.6,4.4,4.2,0
107.4,5.8,5.1,0
117.3,20.7,20.4,0
118.0,15.6,15.6,0
124.1,2.9,2.9,0
125.5,2.9,2.8,0
133.9,3.3,3.5,0
142.7,4.2,4.8,0
151.5,5.0,5.9,0
167.0,7.9,7.6,0
117.4,8.7,8.3,0
158.1,9.7,9.0,0
154.3,10.1,10.1,0
125.6,4.4,4.2,0
126.8,26.7,26.5,0
89.4,2.9,89.4,0
89.1,2.9,89.1,0
90.3,3.3,90.3,0
91.6,4.2,91.6,0
91.9,5.2,91.9,0
92.8,7.6,92.8,0
95.4,8.4,95.4,0
94.5,9.7,94.5,0
96.1,10.1,96.1,0
98.0,11.4,98.0,0
99.2,15.1,99.2,0
100.1,17.0,100.1,0
101.4,21.3,101.4,0
101.7,20.1,101.7,0
105.8,43.1,105.8,0
108.6,48.4,108.6,0
107.4,39.5,107.4,0
117.3,33.5,117.3,0
118.0,30.1,118.0,0
124.1,31.6,124.1,0
125.5,56.0,125.5,0
133.9,54.1,133.9,0
142.7,59.4,142.7,0
151.5,67.4,151.5,0
167.0,66.9,167.0,0
117.4,71.0,117.4,0
158.1,73.6,158.1,0
154.3,74.7,154.3,0
125.6,84.7,125.6,0
126.8,88.0,126.8,0
89.0,89.0,0.0,0
89.0,89.0,0.1,0
99.2,99.2,0.2,0
90.5,90.5,0.3,0
91.8,91.8,0.5,0
95.7,95.7,0.6,0
94.4,94.4,0.7,0
95.1,95.1,0.8,0
98.5,98.5,0.9,0
101.6,101.6,1.0,0
103.3,103.3,1.1,0
105.2,105.2,1.2,0
109.1,109.1,1.3,0
111.4,111.4,1.4,0
110.5,110.5,1.5,0
115.2,115.2,1.6,0
119.0,119.0,1.7,0
120.2,120.2,1.8,0
125.1,125.1,1.9,0
129.5,129.5,2.0,0
135.6,135.6,2.1,0
139.0,139.0,2.2,0
149.1,149.1,2.3,0
148.2,148.2,2.4,0
156.5,156.5,2.5,0
157.4,157.4,2.6,0
164.8,164.8,2.7,0
167.0,167.0,2.8,0
165.0,165.0,2.8,0
158.3,158.3,2.8,0
89.0,89.0,2.9,0
89.0,89.0,2.9,0
99.2,99.2,3.0,0
90.5,90.5,4.1,0
91.8,91.8,5.2,0
95.7,95.7,7.6,0
94.4,94.4,8.4,0
95.1,95.1,9.7,0
98.5,98.5,10.9,0
101.6,101.6,11.4,0
103.3,103.3,15.1,0
105.2,105.2,17.5,0
109.1,109.1,21.3,0
111.4,111.4,20.1,0
110.5,110.5,43.1,0
115.2,115.2,48.4,0
119.0,119.0,39.5,0
120.2,120.2,33.6,0
125.1,125.1,30.1,0
129.5,129.5,31.6,0
135.6,135.6,56.0,0
139.0,139.0,54.1,0
149.1,149.1,59.3,0
148.2,148.2,67.4,0
156.5,156.5,66.9,0
157.4,157.4,71.0,0
164.8,164.8,73.1,0
167.0,167.0,74.7,0
165.0,165.0,84.3,0
158.3,158.3,88.0,0
89.0,89.0,89.0,0
89.0,89.0,89.0,0
99.2,99.2,99.2,0
90.5,90.5,90.5,0
91.8,91.8,91.8,0
95.7,95.7,95.7,0
94.4,94.4,94.4,0
95.1,95.1,95.1,0
98.5,98.5,98.5,0
101.6,101.6,101.6,0
103.3,103.3,103.3,0
105.2,105.2,105.2,0
109.1,109.1,109.1,0
111.4,111.4,111.4,0
110.5,110.5,110.5,0
115.2,115.2,115.2,0
119.0,119.0,119.0,0
120.2,120.2,120.2,0
125.1,125.1,125.1,0
129.5,129.5,129.5,0
135.6,135.6,135.6,0
139.0,139.0,139.0,0
149.1,149.1,149.1,0
148.2,148.2,148.2,0
156.5,156.5,156.5,0
157.4,157.4,157.4,0
164.8,164.8,164.8,0
167.0,167.0,167.0,0
165.0,165.0,165.0,0
158.3,158.3,158.3,0
168.0,0.0,0.0,0
168.8,0.1,0.1,0
170.4,0.2,0.2,0
175.1,0.3,0.2,0
174.0,0.5,0.3,0
185.5,0.6,0.5,0
182.4,0.7,0.6,0
184.1,0.8,0.7,0
195.0,0.9,0.8,0
190.6,1.0,1.1,0
197.3,1.1,1.2,0
204.2,1.2,1.3,0
215.1,1.3,1.4,0
213.5,1.4,1.5,0
222.4,1.5,1.6,0
235.0,1.6,1.7,0
251.5,1.7,1.8,0
267.1,1.8,1.9,0
304.9,1.9,1.8,0
346.7,2.0,2.1,0
379.4,2.1,2.2,0
387.3,2.2,2.3,0
394.0,2.3,2.4,0
393.6,2.4,2.5,0
415.1,2.5,2.6,0
425.7,2.6,2.7,0
451.5,2.7,2.8,0
572.2,2.8,2.5,0
564.0,2.8,2.4,0
564.0,2.8,2.8,0
164.0,2.8,2.9,0
161.8,2.8,2.9,0
171.0,2.8,3.0,0
175.2,2.4,4.1,0
174.4,2.7,5.2,0
185.9,2.5,7.6,0
182.3,2.6,8.4,0
184.1,2.1,9.7,0
194.0,2.2,10.9,0
191.4,2.3,11.4,0
196.7,2.1,15.1,0
205.1,1.4,17.5,0
216.5,1.7,21.3,0
211.8,1.9,20.1,0
224.2,1.5,43.1,0
235.6,1.4,48.4,0
251.5,1.1,39.5,0
267.4,1.2,33.6,0
304.5,1.9,30.1,0
346.0,1.0,31.6,0
379.1,1.1,56.0,0
387.6,0.4,54.1,0
394.9,0.5,59.3,0
393.8,0.0,67.4,0
415.7,0.1,66.9,0
425.5,0.2,71.0,0
451.4,0.1,73.1,0
572.2,1.6,74.7,0
564.0,1.7,84.3,0
564.0,1.9,88.0,0
168.0,0.0,89.0,0
170.0,1.2,89.5,0
181.2,2.1,90.4,0
182.1,0.2,91.1,0
193.4,1.0,91.2,0
194.6,2.6,92.9,0
235.8,0.4,95.7,0
206.7,1.7,97.4,0
217.5,2.8,100.6,0
228.4,0.9,114.3,0
259.2,1.6,101.0,0
290.8,2.5,102.1,0
311.7,0.2,106.1,0
322.4,1.9,106.0,0
363.0,2.4,107.2,0
344.3,0.2,108.1,0
385.6,1.6,149.1,0
436.5,2.4,136.2,0
447.4,0.2,124.4,0
498.0,1.0,111.8,0
409.2,2.4,110.6,0
420.1,0.8,121.4,0
411.9,1.9,120.7,0
522.8,0.6,132.1,0
553.7,1.2,133.2,0
544.5,2.1,147.6,0
505.4,0.4,159.0,0
561.2,1.8,151.1,0
564.0,2.5,166.3,0
563.5,0.2,167.0,0
168.0,2.9,2.8,0
170.0,2.9,2.8,0
181.2,3.0,2.8,0
182.1,4.1,2.4,0
193.4,5.2,2.7,0
194.6,7.6,2.5,0
235.8,8.4,2.6,0
206.7,9.7,2.1,0
217.5,10.9,2.2,0
228.4,11.4,2.3,0
259.2,15.1,2.1,0
290.8,17.5,1.4,0
311.7,21.3,1.7,0
322.4,20.1,1.9,0
363.0,43.1,1.5,0
344.3,48.4,1.4,0
385.6,39.5,1.1,0
436.5,33.6,1.2,0
447.4,30.1,1.9,0
498.0,31.6,1.0,0
409.2,56.0,1.1,0
420.1,54.1,0.4,0
411.9,59.3,0.5,0
522.8,67.4,0.0,0
553.7,66.9,0.1,0
544.5,71.0,0.2,0
505.4,73.1,0.1,0
561.2,74.7,1.6,0
564.0,84.3,1.7,0
563.0,88.0,1.9,0
564.0,2.9,2.9,0
555.8,2.9,2.9,0
533.7,3.0,3.3,0
540.4,4.1,4.2,0
551.5,5.2,5.2,0
515.5,7.6,7.6,0
404.4,8.4,8.4,0
437.7,9.7,9.7,0
428.8,10.9,10.1,0
419.4,11.4,4.1,0
404.1,15.1,26.2,0
425.2,17.5,11.5,0
411.5,21.3,4.4,0
376.3,20.1,5.1,0
393.6,43.1,20.3,0
382.5,48.4,15.6,0
341.1,39.5,46.4,0
350.2,33.6,5.7,0
361.5,30.1,31.8,0
314.4,31.6,22.4,0
335.7,56.0,21.1,0
228.0,54.1,40.0,0
272.2,59.3,11.9,0
241.1,67.4,29.6,0
254.5,66.9,6.1,0
225.3,71.0,46.4,0
216.6,73.1,73.7,0
203.9,74.7,81.8,0
192.0,84.3,9.5,0
168.0,88.0,31.2,0
564.0,2.9,106.0,0
555.5,2.9,107.2,0
533.2,3.3,108.1,0
540.1,4.2,149.1,0
551.4,5.2,136.2,0
515.5,7.6,124.4,0
404.9,8.4,91.2,0
437.6,9.7,92.9,0
428.4,10.1,95.7,0
419.1,4.1,97.4,0
404.2,26.2,100.6,0
425.5,11.5,114.3,0
411.3,4.4,101.0,0
376.4,5.1,102.1,0
393.7,20.3,106.1,0
382.8,15.6,106.0,0
341.9,46.4,107.2,0
350.6,5.7,108.1,0
361.4,31.8,149.1,0
314.2,22.4,136.2,0
335.1,21.1,124.4,0
228.4,40.0,111.8,0
272.5,11.9,110.6,0
241.6,29.6,102.1,0
254.3,6.1,106.1,0
225.0,46.4,106.0,0
216.4,73.7,107.2,0
203.5,81.8,108.1,0
192.5,9.5,149.1,0
168.0,31.2,136.2,0
564.0,106.0,0.4,0
555.5,107.2,2.8,0
533.2,108.1,1.4,0
540.1,149.1,0.1,0
551.4,136.2,2.2,0
515.5,124.4,1.7,0
404.9,91.2,0.6,0
437.6,92.9,2.5,0
428.4,95.7,1.4,0
419.1,97.4,0.2,0
404.2,100.6,2.1,0
425.5,114.3,1.0,0
411.3,101.0,0.1,0
376.4,102.1,2.0,0
393.7,106.1,1.3,0
382.8,106.0,0.2,0
341.9,107.2,2.1,0
350.6,108.1,1.4,0
361.4,149.1,0.5,0
314.2,136.2,2.8,0
335.1,124.4,1.7,0
228.4,111.8,0.6,0
272.5,110.6,2.5,0
241.6,102.1,1.4,0
254.3,106.1,0.1,0
225.0,106.0,2.3,0
216.4,107.2,1.1,0
203.5,108.1,0.6,0
192.5,149.1,2.5,0
168.0,136.2,1.4,0
564.0,106.0,88.0,0
555.8,107.2,85.1,0
533.7,108.1,81.0,0
540.4,149.1,40.5,0
551.5,136.2,73.4,0
515.5,124.4,51.2,0
404.4,91.2,6.6,0
437.7,92.9,27.4,0
428.8,95.7,19.5,0
419.4,97.4,4.1,0
404.1,100.6,6.2,0
425.2,114.3,11.5,0
411.5,101.0,4.4,0
376.3,102.1,5.1,0
393.6,102.1,20.3,0
382.5,106.1,15.6,0
341.1,106.0,46.4,0
350.2,107.2,5.7,0
361.5,108.1,31.8,0
314.4,149.1,22.4,0
335.7,136.2,21.1,0
228.0,124.4,40.0,0
272.2,111.8,11.9,0
241.1,110.6,29.6,0
254.5,121.4,6.1,0
225.3,120.7,46.4,0
216.6,132.1,73.7,0
203.9,133.2,81.8,0
192.0,147.6,9.5,0
168.0,159.0,31.2,0
393.6,89.0,89.7,0
382.5,89.0,89.6,0
341.1,99.2,90.2,0
350.2,90.5,91.3,0
361.5,91.8,91.1,0
314.4,95.7,92.7,0
335.7,94.4,95.5,0
228.0,95.1,94.2,0
272.2,98.5,96.0,0
241.1,101.6,98.7,0
254.5,103.3,99.4,0
225.3,105.2,100.6,0
216.6,109.1,101.2,0
203.9,111.4,101.1,0
192.0,110.5,105.9,0
168.0,115.2,108.8,0
564.0,119.0,107.8,0
555.8,120.2,117.7,0
533.7,125.1,118.0,0
540.4,129.5,124.8,0
551.5,135.6,125.0,0
515.5,139.0,133.7,0
404.4,149.1,142.4,0
437.7,148.2,151.6,0
428.8,156.5,167.2,0
419.4,157.4,117.3,0
404.1,164.8,158.3,0
425.2,167.0,154.2,0
411.5,165.0,125.3,0
376.3,158.3,126.4,0
565.0,2.8,2.8,0
572.1,2.8,2.8,0
569.2,2.8,2.8,0
571.5,2.4,2.4,0
585.7,2.7,2.7,0
591.9,2.5,2.5,0
582.1,2.6,2.6,0
567.0,2.1,2.1,0
590.2,2.2,2.2,0
587.1,2.3,2.3,0
584.6,2.1,2.1,0
575.4,1.4,1.4,0
725.2,1.7,1.7,0
710.3,1.9,1.9,0
701.5,1.5,1.5,0
724.8,1.4,1.4,0
785.4,1.1,1.1,0
773.5,1.2,1.2,0
760.2,1.9,1.9,0
759.1,1.0,1.0,0
847.0,1.1,1.1,0
818.3,0.4,0.4,0
835.4,0.5,0.5,0
822.6,0.0,0.0,0
851.8,0.1,0.1,0
840.4,0.2,0.2,0
811.7,0.1,0.1,0
995.0,1.6,1.6,0
981.4,1.7,1.7,0
995.5,1.9,1.9,0
565.0,0.4,2.9,0
572.0,2.8,2.9,0
569.5,1.4,3.3,0
571.4,0.1,4.2,0
585.1,2.2,5.2,0
591.0,1.7,7.6,0
582.2,0.6,8.4,0
567.1,2.5,9.7,0
590.4,1.4,10.1,0
587.9,0.2,4.1,0
584.6,2.1,26.2,0
575.3,1.0,11.5,0
725.2,0.1,4.4,0
710.3,2.0,5.1,0
701.4,1.3,20.3,0
724.7,0.2,15.6,0
785.5,2.1,46.4,0
773.4,1.4,5.7,0
760.1,0.5,31.8,0
759.2,2.8,22.4,0
847.1,1.7,21.1,0
818.2,0.6,40.0,0
835.5,2.5,11.9,0
822.4,1.4,29.6,0
851.7,0.1,6.1,0
840.4,2.3,46.4,0
811.6,1.1,73.7,0
995.1,0.6,81.8,0
981.2,2.5,9.5,0
995.0,1.4,31.2,0
571.5,0.0,124.4,0
585.7,0.1,111.8,0
591.9,0.2,110.6,0
582.1,0.3,91.3,0
567.0,0.5,91.1,0
590.2,0.6,92.7,0
587.1,0.7,95.5,0
584.6,0.8,94.2,0
575.4,0.9,96.0,0
725.2,1.0,98.7,0
710.3,1.1,99.4,0
701.5,1.2,100.6,0
724.8,1.3,101.2,0
785.4,1.4,91.3,0
773.5,1.5,91.1,0
760.2,1.6,92.7,0
759.1,1.7,95.5,0
847.0,1.8,94.2,0
818.3,1.9,96.0,0
835.4,2.0,98.7,0
822.6,2.1,99.4,0
851.8,2.2,100.6,0
840.4,2.3,101.2,0
811.7,2.4,101.1,0
820.9,2.5,105.9,0
953.6,2.6,108.8,0
942.2,2.7,89.7,0
995.0,2.8,89.6,0
981.4,2.8,90.2,0
995.5,2.8,91.3,0
565.0,2.9,0.0,0
565.6,2.9,1.2,0
575.4,3.3,2.1,0
584.2,4.2,0.2,0
571.1,5.2,1.0,0
570.5,7.6,2.6,0
582.5,8.4,0.4,0
583.1,9.7,1.7,0
597.2,10.1,2.8,0
599.0,4.1,0.9,0
619.1,26.2,1.6,0
625.2,11.5,2.5,0
604.5,4.4,0.2,0
687.8,5.1,1.9,0
651.1,20.3,2.4,0
642.2,15.6,0.2,0
713.0,46.4,1.6,0
722.4,5.7,2.4,0
700.7,31.8,0.2,0
811.3,22.4,1.0,0
834.0,21.1,2.4,0
865.2,40.0,0.8,0
853.1,11.9,1.9,0
849.5,29.6,0.6,0
915.9,6.1,1.2,0
922.0,46.4,2.1,0
951.4,73.7,0.4,0
940.6,81.8,1.8,0
982.8,9.5,2.5,0
994.1,31.2,0.2,0
565.0,2.9,2.9,0
565.6,2.9,2.9,0
575.4,3.0,3.3,0
584.5,4.1,4.2,0
571.4,5.2,5.2,0
570.2,7.6,7.6,0
582.5,8.4,8.4,0
583.2,9.7,9.7,0
597.1,10.9,10.1,0
599.4,11.4,11.4,0
619.9,15.1,15.1,0
625.7,17.5,17.0,0
604.8,21.3,21.3,0
687.2,20.1,20.1,0
651.3,43.1,43.1,0
642.0,48.4,48.4,0
713.1,39.5,39.5,0
722.8,33.6,33.5,0
700.9,30.1,30.1,0
811.5,31.6,31.6,0
834.2,56.0,56.0,0
865.1,54.1,54.1,0
853.0,59.3,59.4,0
849.2,67.4,67.4,0
915.5,66.9,66.9,0
922.5,71.0,71.0,0
951.6,73.1,73.6,0
940.3,74.7,74.7,0
982.4,84.3,84.7,0
994.0,88.0,88.0,0
785.5,2.9,89.0,0
773.4,2.9,89.0,0
760.1,3.3,99.2,0
759.2,4.2,90.5,0
847.1,5.2,91.8,0
818.2,7.6,95.7,0
835.5,8.4,94.4,0
822.4,9.7,95.1,0
851.7,10.1,98.5,0
840.4,11.4,101.6,0
811.6,15.1,103.3,0
820.9,17.0,105.2,0
953.5,21.3,109.1,0
942.4,20.1,111.4,0
995.1,43.1,110.5,0
981.2,48.4,115.2,0
995.0,39.5,119.0,0
565.0,33.5,120.2,0
565.6,30.1,125.1,0
575.4,31.6,129.5,0
584.5,56.0,135.6,0
571.4,54.1,139.0,0
570.2,59.4,149.1,0
582.5,67.4,148.2,0
583.2,66.9,156.5,0
597.1,71.0,157.4,0
599.4,73.6,164.8,0
604.8,74.7,167.0,0
687.2,84.7,165.0,0
651.3,88.0,158.3,0
785.5,89.7,0.2,0
773.4,89.6,1.3,0
760.1,90.2,2.4,0
759.2,91.3,0.8,0
847.1,91.1,1.9,0
818.2,92.7,2.6,0
835.5,95.5,0.3,0
822.4,94.2,1.1,0
851.7,96.0,2.4,0
840.4,98.7,0.5,0
811.6,99.4,1.2,0
820.9,100.6,2.0,0
953.5,101.2,0.1,0
942.4,101.1,1.4,0
995.1,105.9,2.8,0
981.2,108.8,0.7,0
995.0,107.8,1.5,0
565.0,117.7,2.4,0
565.6,118.0,0.6,0
575.4,124.8,1.3,0
584.5,125.0,2.2,0
571.4,133.7,0.1,0
570.2,142.4,1.7,0
582.5,151.6,0.2,0
583.2,167.2,1.5,0
597.1,117.3,2.8,0
599.4,158.3,0.4,0
604.8,154.2,1.0,0
687.2,125.3,2.2,0
651.3,126.4,0.1,0
604.8,89.0,2.9,0
687.2,89.0,2.9,0
651.3,99.2,3.0,0
642.0,90.5,4.1,0
713.1,91.8,5.2,0
722.8,95.7,7.6,0
700.9,94.4,8.4,0
811.5,95.1,9.7,0
834.2,98.5,10.9,0
865.1,101.6,11.4,0
853.0,103.3,15.1,0
849.2,105.2,17.5,0
915.5,109.1,11.5,0
785.4,111.4,4.4,0
773.5,110.5,5.1,0
760.2,115.2,20.3,0
759.1,119.0,15.6,0
847.0,120.2,2.9,0
818.3,125.1,2.9,0
835.4,129.5,3.3,0
822.6,135.6,4.2,0
851.8,139.0,5.2,0
840.4,149.1,7.6,0
811.7,148.2,8.4,0
995.0,156.5,9.7,0
981.4,157.4,10.1,0
995.5,164.8,4.1,0
565.0,167.0,8.4,0
572.1,165.0,9.7,0
569.2,158.3,10.1,0
571.5,89.0,89.0,0
585.7,89.5,89.5,0
591.9,90.4,90.4,0
582.1,91.1,91.1,0
567.0,91.2,91.2,0
590.2,92.9,92.9,0
587.1,95.7,95.7,0
584.6,97.4,97.4,0
847.0,100.6,100.6,0
818.3,114.3,114.3,0
835.4,101.0,101.0,0
822.6,102.1,102.1,0
851.8,106.1,106.1,0
840.4,106.0,106.0,0
811.7,107.2,107.2,0
995.0,108.1,108.1,0
981.4,149.1,149.1,0
995.5,136.2,136.2,0
565.0,124.4,124.4,0
572.1,111.8,111.8,0
569.2,110.6,110.6,0
851.8,121.4,121.4,0
840.4,120.7,120.7,0
811.7,132.1,132.1,0
820.9,133.2,133.2,0
953.6,147.6,147.6,0
942.2,159.0,159.0,0
995.0,151.1,151.1,0
981.4,166.3,166.3,0
995.5,167.0,167.0,0
168.0,168.0,2.8,1
168.8,168.8,2.8,1
170.4,171.0,2.8,1
175.1,175.2,2.4,1
174.0,174.4,2.7,1
185.5,185.9,2.5,1
182.4,182.3,2.6,1
184.1,184.1,2.1,1
195.0,194.0,2.2,1
190.6,191.4,2.3,1
197.3,196.7,2.1,1
204.2,205.1,1.4,1
215.1,216.5,1.7,1
213.5,211.8,1.9,1
222.4,224.2,1.5,1
235.0,235.6,1.4,1
251.5,251.5,1.1,1
267.1,267.4,1.2,1
304.9,304.5,1.9,1
346.7,346.0,1.0,1
379.4,379.1,1.1,1
387.3,387.6,0.4,1
394.0,394.9,0.5,1
393.6,393.8,0.0,1
415.1,415.7,0.1,1
425.7,425.5,0.2,1
451.5,451.4,0.1,1
572.2,572.2,1.6,1
564.0,564.0,1.7,1
564.0,564.0,1.9,1
169.0,168.0,15.5,1
168.8,168.8,46.2,1
171.0,170.4,5.1,1
175.2,175.1,31.4,1
174.4,174.0,22.6,1
185.9,185.5,21.0,1
182.3,182.4,40.1,1
184.1,184.1,11.8,1
194.0,195.0,29.6,1
191.4,190.6,6.3,1
196.7,197.3,46.1,1
205.1,204.2,73.1,1
216.5,215.1,81.4,1
211.8,213.5,9.5,1
224.2,222.4,31.8,1
235.6,235.0,4.2,1
251.5,251.5,5.1,1
267.4,267.1,20.4,1
304.5,304.9,15.6,1
346.0,346.7,2.9,1
379.1,379.4,2.8,1
387.6,387.3,3.5,1
394.9,394.0,4.8,1
393.8,393.6,5.9,1
415.7,415.1,7.6,1
425.5,425.7,8.3,1
451.4,451.5,9.0,1
572.2,572.2,10.1,1
564.0,564.0,4.2,1
564.0,564.0,26.5,1
168.0,168.0,89.0,1
170.0,168.8,89.0,1
181.2,170.4,99.2,1
182.1,175.1,90.5,1
193.4,174.0,91.8,1
194.6,185.5,95.7,1
235.8,182.4,94.4,1
206.7,184.1,95.1,1
217.5,195.0,98.5,1
228.4,190.6,01.6,1
259.2,197.3,103.3,1
290.8,204.2,105.2,1
311.7,215.1,109.1,1
322.4,213.5,111.4,1
363.0,222.4,110.5,1
344.3,235.0,115.2,1
385.6,251.5,119.0,1
436.5,267.1,120.2,1
447.4,304.9,125.1,1
498.0,346.7,129.5,1
409.2,379.4,135.6,1
420.1,387.3,139.0,1
411.9,394.0,149.1,1
522.8,393.6,148.2,1
553.7,415.1,156.5,1
544.5,425.7,157.4,1
505.4,451.5,164.8,1
561.2,572.2,167.0,1
564.0,564.0,165.0,1
563.0,564.0,158.3,1
564.0,568.5,0.0,1
563.9,569.0,0.1,1
563.2,568.8,0.2,1
562.1,567.7,0.3,1
562.2,566.0,0.5,1
561.9,565.5,0.6,1
561.7,565.4,0.7,1
563.4,566.1,0.8,1
563.5,566.3,0.9,1
563.6,566.6,1.0,1
563.3,565.5,1.1,1
563.1,565.4,1.2,1
564.0,565.1,1.3,1
559.3,570.0,1.4,1
559.6,571.5,1.5,1
559.9,571.7,1.6,1
559.8,571.9,1.7,1
559.7,572.6,1.8,1
559.4,571.1,1.9,1
559.5,571.2,2.0,1
556.1,571.9,2.1,1
563.2,571.7,2.2,1
563.0,570.4,2.3,1
563.1,570.0,2.4,1
563.5,565.3,2.5,1
562.5,565.5,2.6,1
562.4,565.4,2.7,1
564.0,565.1,2.8,1
564.0,565.2,2.8,1
563.1,565.0,2.8,1
564.0,571.7,2.9,1
563.9,570.4,2.9,1
563.2,570.0,3.0,1
562.1,565.3,4.1,1
562.2,565.5,5.2,1
561.9,565.4,7.6,1
561.7,565.1,8.4,1
563.4,565.2,9.7,1
563.5,565.0,10.9,1
563.6,566.6,11.4,1
563.3,565.5,15.1,1
563.1,565.4,17.5,1
564.0,565.1,21.3,1
559.3,570.0,20.1,1
559.6,571.5,43.1,1
559.9,571.7,48.4,1
559.8,571.9,39.5,1
559.7,572.6,33.6,1
559.4,571.1,30.1,1
559.5,571.2,31.6,1
556.1,571.9,56.0,1
563.2,568.5,54.1,1
563.0,569.0,59.3,1
563.1,568.8,67.4,1
563.5,567.7,66.9,1
562.5,566.0,71.0,1
562.4,565.5,73.1,1
564.0,565.4,74.7,1
564.0,566.1,84.3,1
563.1,566.3,88.0,1
564.0,568.5,89.0,1
563.9,569.0,89.0,1
563.2,568.8,99.2,1
562.1,567.7,90.5,1
562.2,566.0,91.8,1
561.9,565.5,95.7,1
561.7,565.4,94.4,1
559.7,566.1,95.1,1
559.4,566.3,98.5,1
559.5,570.4,101.6,1
556.1,570.0,103.3,1
563.2,565.3,105.2,1
563.0,565.5,109.1,1
563.1,565.4,111.4,1
563.5,565.1,110.5,1
562.5,565.2,115.2,1
562.4,565.0,119.0,1
564.0,566.6,120.2,1
564.0,565.5,125.1,1
563.1,565.4,129.5,1
563.4,565.1,135.6,1
563.5,570.0,139.0,1
563.6,571.5,149.1,1
563.3,571.7,148.2,1
563.1,571.9,156.5,1
564.0,572.6,157.4,1
559.3,571.1,164.8,1
559.6,571.2,167.0,1
559.9,571.9,165.0,1
559.8,571.7,158.3,1
571.5,168.0,0.0,1
585.7,168.8,0.1,1
591.9,170.4,0.2,1
582.1,175.1,0.3,1
567.0,174.0,0.5,1
590.2,185.5,0.6,1
587.1,182.4,0.7,1
584.6,184.1,0.8,1
575.4,195.0,0.9,1
725.2,190.6,1.0,1
710.3,197.3,1.1,1
701.5,204.2,1.2,1
724.8,215.1,1.3,1
785.4,213.5,1.4,1
773.5,222.4,1.5,1
760.2,235.0,1.6,1
759.1,251.5,1.7,1
847.0,267.1,1.8,1
818.3,304.9,1.9,1
835.4,346.7,2.0,1
822.6,379.4,2.1,1
851.8,387.3,2.2,1
840.4,394.0,2.3,1
811.7,393.6,2.4,1
820.9,415.1,2.5,1
953.6,425.7,2.6,1
942.2,451.5,2.7,1
995.0,572.2,2.8,1
981.4,564.0,2.8,1
995.5,564.0,2.8,1
565.0,164.0,2.9,1
565.6,161.8,4.9,1
575.4,171.0,3.0,1
584.2,175.2,4.1,1
571.1,174.4,5.2,1
570.5,185.9,7.6,1
582.5,182.3,8.4,1
583.1,184.1,9.7,1
597.2,194.0,10.9,1
599.0,191.4,11.4,1
619.1,196.7,15.1,1
625.2,205.1,17.5,1
604.5,216.5,21.3,1
687.8,211.8,20.1,1
651.1,224.2,43.1,1
642.2,235.6,48.4,1
713.0,251.5,39.5,1
722.4,267.4,33.6,1
700.7,304.5,30.1,1
811.3,346.0,31.6,1
834.0,379.1,56.0,1
865.2,387.6,54.1,1
853.1,394.9,59.3,1
849.5,393.8,67.4,1
915.9,415.7,66.9,1
922.0,425.5,71.0,1
951.4,451.4,73.1,1
940.6,572.2,74.7,1
982.8,564.0,84.3,1
994.1,564.0,88.0,1
565.0,168.0,89.4,1
565.6,170.1,89.1,1
575.4,182.5,90.3,1
584.5,183.4,91.6,1
571.4,194.7,91.9,1
570.2,195.9,92.8,1
582.5,236.6,95.4,1
583.2,207.2,94.5,1
597.1,218.1,96.1,1
599.4,229.4,98.0,1
619.9,250.2,99.2,1
625.7,291.5,100.1,1
604.8,312.4,101.4,1
687.2,323.7,101.7,1
651.3,364.8,105.8,1
642.0,345.5,108.6,1
713.1,386.1,107.4,1
722.8,437.2,117.3,1
700.9,448.3,118.0,1
811.5,499.4,124.1,1
834.2,400.5,125.5,1
865.1,421.6,133.9,1
853.0,412.7,142.7,1
849.2,523.8,151.5,1
915.5,554.9,167.0,1
922.5,545.0,117.4,1
951.6,506.5,158.1,1
940.3,564.1,154.3,1
982.4,564.0,125.6,1
994.0,563.8,126.8,1
565.0,565.0,2.8,1
572.1,572.0,2.8,1
569.2,569.5,2.8,1
571.5,571.4,2.4,1
585.7,585.1,2.7,1
591.9,591.0,2.5,1
582.1,582.2,2.6,1
567.0,567.1,2.1,1
590.2,590.4,2.2,1
587.1,587.9,2.3,1
584.6,584.6,2.1,1
575.4,575.3,1.4,1
725.2,725.2,1.7,1
710.3,710.3,1.9,1
701.5,701.4,1.5,1
724.8,724.7,1.4,1
785.4,785.5,1.1,1
773.5,773.4,1.2,1
760.2,760.1,1.9,1
759.1,759.2,1.0,1
847.0,847.1,1.1,1
818.3,818.2,0.4,1
835.4,835.5,0.5,1
822.6,822.4,0.0,1
851.8,851.7,0.1,1
840.4,840.4,0.2,1
811.7,811.6,0.1,1
995.0,995.1,1.6,1
981.4,981.2,1.7,1
995.5,995.0,1.9,1
565.0,565.0,2.9,1
572.1,572.0,2.9,1
569.2,569.5,3.0,1
571.5,571.4,4.1,1
585.7,585.1,5.2,1
591.9,591.0,7.6,1
582.1,582.2,8.4,1
567.0,567.1,9.7,1
590.2,590.4,10.9,1
587.1,587.9,11.4,1
584.6,584.6,15.1,1
575.4,575.3,17.5,1
725.2,725.2,21.3,1
710.3,710.3,20.1,1
701.5,701.4,43.1,1
724.8,724.7,48.4,1
785.4,785.5,39.5,1
773.5,773.4,33.6,1
760.2,760.1,30.1,1
759.1,759.2,31.6,1
847.0,847.1,56.0,1
818.3,818.2,54.1,1
835.4,835.5,59.3,1
822.6,822.4,67.4,1
851.8,851.7,66.9,1
840.4,840.4,71.0,1
811.7,811.6,73.1,1
995.0,995.1,74.7,1
981.4,981.2,84.3,1
995.5,995.0,88.0,1
565.0,565.0,106.1,1
572.0,572.1,106.0,1
569.5,569.2,107.2,1
571.4,571.5,108.1,1
585.1,585.7,149.1,1
591.0,591.9,136.2,1
582.2,582.1,124.4,1
567.1,567.0,111.8,1
590.4,590.2,110.6,1
587.9,587.1,121.4,1
584.6,584.6,120.7,1
575.3,575.4,132.1,1
725.2,725.2,133.2,1
710.3,710.3,147.6,1
701.4,701.5,159.0,1
724.7,724.8,151.1,1
785.5,785.4,166.3,1
773.4,773.5,167.0,1
760.1,760.2,89.0,1
759.2,759.1,89.5,1
847.1,847.0,90.4,1
818.2,818.3,91.1,1
835.5,835.4,91.2,1
822.4,822.6,92.9,1
851.7,851.8,95.7,1
840.4,840.4,97.4,1
811.6,811.7,100.6,1
995.1,995.0,114.3,1
981.2,981.4,101.0,1
995.0,995.5,102.1,1
168.0,168.0,168.4,1
168.8,168.8,168.1,1
170.4,171.0,170.2,1
175.1,175.2,174.4,1
174.0,174.4,173.5,1
185.5,185.9,185.7,1
182.4,182.3,183.9,1
184.1,184.1,185.1,1
195.0,194.0,194.3,1
190.6,191.4,191.0,1
197.3,196.7,196.2,1
204.2,205.1,205.1,1
215.1,216.5,216.7,1
213.5,211.8,211.8,1
222.4,224.2,224.0,1
235.0,235.6,235.1,1
251.5,251.5,251.4,1
267.1,267.4,267.6,1
304.9,304.5,304.3,1
346.7,346.0,347.5,1
379.4,379.1,378.2,1
387.3,387.6,388.1,1
394.0,394.9,395.0,1
393.6,393.8,394.7,1
415.1,415.7,416.9,1
425.7,425.5,426.0,1
451.5,451.4,452.4,1
572.2,572.2,572.6,1
564.0,564.0,564.0,1
564.0,564.0,564.0,1
561.2,564.0,568.5,1
562.1,563.9,569.0,1
561.4,563.2,568.8,1
563.8,562.1,567.7,1
562.6,562.2,566.0,1
562.3,561.9,565.5,1
562.2,561.7,565.4,1
563.0,563.4,566.1,1
563.1,563.5,566.3,1
563.5,563.6,566.6,1
562.7,563.3,565.5,1
563.9,563.1,565.4,1
564.0,564.0,565.1,1
558.2,559.3,570.0,1
559.1,559.6,571.5,1
558.8,559.9,571.7,1
559.9,559.8,571.9,1
559.6,559.7,572.6,1
558.4,559.4,571.1,1
559.7,559.5,571.2,1
559.2,556.1,571.9,1
563.6,563.2,571.7,1
562.3,563.0,570.4,1
563.1,563.1,570.0,1
564.0,563.5,565.3,1
561.5,562.5,565.5,1
564.0,562.4,565.4,1
563.5,564.0,565.1,1
563.4,564.0,565.2,1
564.0,563.1,565.0,1
564.0,568.5,561.2,1
563.9,569.0,562.1,1
563.2,568.8,561.4,1
562.1,567.7,563.8,1
562.2,566.0,562.6,1
561.9,565.5,562.3,1
561.7,565.4,562.2,1
563.4,566.1,563.0,1
563.5,566.3,563.1,1
563.6,566.6,563.5,1
563.3,565.5,562.7,1
563.1,565.4,563.9,1
564.0,565.1,564.0,1
559.3,570.0,558.2,1
559.6,571.5,559.1,1
559.9,571.7,558.8,1
559.8,571.9,559.9,1
559.7,572.6,559.6,1
559.4,571.1,558.4,1
559.5,571.2,559.7,1
556.1,571.9,559.2,1
563.2,571.7,563.6,1
563.0,570.4,562.3,1
563.1,570.0,563.1,1
563.5,565.3,564.0,1
562.5,565.5,561.5,1
562.4,565.4,564.0,1
564.0,565.1,563.5,1
564.0,565.2,563.4,1
563.1,565.0,564.0,1
564.0,568.5,565.9,1
563.9,569.0,566.8,1
563.2,568.8,564.7,1
562.1,567.7,564.6,1
562.2,566.0,564.9,1
561.9,565.5,566.6,1
561.7,565.4,569.0,1
563.4,566.1,567.1,1
563.5,566.3,568.5,1
563.6,566.6,565.4,1
563.3,565.5,566.1,1
563.1,565.4,564.2,1
564.0,565.1,566.3,1
559.3,570.0,570.0,1
559.6,571.5,571.1,1
559.9,571.7,571.2,1
559.8,571.9,571.4,1
559.7,572.6,572.5,1
559.4,571.1,571.0,1
559.5,571.2,571.1,1
556.1,571.9,571.3,1
563.2,571.7,571.5,1
563.0,570.4,570.4,1
563.1,570.0,570.1,1
563.5,565.3,565.5,1
562.5,565.5,565.9,1
562.4,565.4,565.8,1
564.0,565.1,565.7,1
564.0,565.2,565.2,1
563.1,565.0,565.0,1
568.5,561.2,564.0,1
569.0,562.1,563.9,1
568.8,561.4,563.2,1
567.7,563.8,562.1,1
566.0,562.6,562.2,1
565.5,562.3,561.9,1
565.4,562.2,561.7,1
566.1,563.0,563.4,1
566.3,563.1,563.5,1
566.6,563.5,563.6,1
565.5,562.7,563.3,1
565.4,563.9,563.1,1
565.1,564.0,564.0,1
570.0,558.2,559.3,1
571.5,559.1,559.6,1
571.7,558.8,559.9,1
571.9,559.9,559.8,1
572.6,559.6,559.7,1
571.1,558.4,559.4,1
571.2,559.7,559.5,1
571.9,559.2,556.1,1
571.7,563.6,563.2,1
570.4,562.3,563.0,1
570.0,563.1,563.1,1
565.3,564.0,563.5,1
565.5,561.5,562.5,1
565.4,564.0,562.4,1
565.1,563.5,564.0,1
565.2,563.4,564.0,1
565.0,564.0,563.1,1
565.9,561.2,568.5,1
566.8,562.1,569.0,1
564.7,561.4,568.8,1
564.6,563.8,567.7,1
564.9,562.6,566.0,1
566.6,562.3,565.5,1
569.0,562.2,565.4,1
567.1,563.0,566.1,1
568.5,563.1,566.3,1
565.4,563.5,566.6,1
566.1,562.7,565.5,1
564.2,563.9,565.4,1
566.3,564.0,565.1,1
570.0,558.2,570.0,1
571.1,559.1,571.5,1
571.2,558.8,571.7,1
571.4,559.9,571.9,1
572.5,559.6,572.6,1
571.0,558.4,571.1,1
571.1,559.7,571.2,1
571.3,559.2,571.9,1
571.5,563.6,571.7,1
570.4,562.3,570.4,1
570.1,563.1,570.0,1
565.5,564.0,565.3,1
565.9,561.5,565.5,1
565.8,564.0,565.4,1
565.7,563.5,565.1,1
565.2,563.4,565.2,1
565.0,564.0,565.0,1
568.5,565.9,561.2,1
569.0,566.8,562.1,1
568.8,564.7,561.4,1
567.7,564.6,563.8,1
566.0,564.9,562.6,1
565.5,566.6,562.3,1
565.4,569.0,562.2,1
566.1,567.1,563.0,1
566.3,568.5,563.1,1
566.6,565.4,563.5,1
565.5,566.1,562.7,1
565.4,564.2,563.9,1
565.1,566.3,564.0,1
570.0,570.0,558.2,1
571.5,571.1,559.1,1
571.7,571.2,558.8,1
571.9,571.4,559.9,1
572.6,572.5,559.6,1
571.1,571.0,558.4,1
571.2,571.1,559.7,1
571.9,571.3,559.2,1
571.7,571.5,563.6,1
570.4,570.4,562.3,1
570.0,570.1,563.1,1
565.3,565.5,564.0,1
565.5,565.9,561.5,1
565.4,565.8,564.0,1
565.1,565.7,563.5,1
565.2,565.2,563.4,1
565.0,565.0,564.0,1
565.7,568.5,565.9,1
566.0,569.0,566.8,1
564.4,568.8,564.7,1
564.3,567.7,564.6,1
564.6,566.0,564.9,1
566.5,565.5,566.6,1
569.4,565.4,569.0,1
567.1,566.1,567.1,1
568.2,566.3,568.5,1
565.4,566.6,565.4,1
566.4,565.5,566.1,1
564.0,565.4,564.2,1
566.5,565.1,566.3,1
570.3,570.0,570.0,1
571.7,571.5,571.1,1
571.9,571.7,571.2,1
571.1,571.9,571.4,1
572.0,572.6,572.5,1
571.2,571.1,571.0,1
571.6,571.2,571.1,1
571.4,571.9,571.3,1
571.1,571.7,571.5,1
570.2,570.4,570.4,1
570.1,570.0,570.1,1
565.9,565.3,565.5,1
565.8,565.5,565.9,1
565.7,565.4,565.8,1
565.4,565.1,565.7,1
565.5,565.2,565.2,1
565.0,565.0,565.0,1
2.8,168.0,2.8,0
2.8,168.8,2.8,0
2.8,170.4,2.8,0
2.4,175.1,2.4,0
2.7,174.0,2.7,0
2.5,185.5,2.5,0
2.6,182.4,2.6,0
2.1,184.1,2.1,0
2.2,195.0,2.2,0
2.3,190.6,2.3,0
2.1,197.3,2.1,0
1.4,204.2,1.4,0
1.7,215.1,1.7,0
1.9,213.5,1.9,0
1.5,222.4,1.5,0
1.4,235.0,1.4,0
1.1,251.5,1.1,0
1.2,267.1,1.2,0
1.9,304.9,1.9,0
1.0,346.7,1.0,0
1.1,379.4,1.1,0
0.4,387.3,0.4,0
0.5,394.0,0.5,0
0.0,393.6,0.0,0
0.1,415.1,0.1,0
0.2,425.7,0.2,0
0.1,451.5,0.1,0
1.6,572.2,1.6,0
1.7,564.0,1.7,0
1.9,564.0,1.9,0
0.0,564.0,15.5,0
0.1,555.5,46.2,0
0.2,533.2,5.1,0
0.3,540.1,31.4,0
0.5,551.4,22.6,0
0.6,515.5,21.0,0
0.7,404.9,40.1,0
0.8,437.6,11.8,0
0.9,428.4,29.6,0
1.0,419.1,6.3,0
1.1,404.2,46.1,0
1.2,425.5,73.1,0
1.3,411.3,81.4,0
1.4,376.4,9.5,0
1.5,393.7,31.8,0
1.6,382.8,4.2,0
1.7,341.9,5.1,0
1.8,350.6,20.4,0
1.9,361.4,5.6,0
2.0,314.2,2.9,0
2.1,335.1,2.8,0
2.2,228.4,3.5,0
2.3,272.5,4.8,0
2.4,241.6,5.9,0
2.5,254.3,7.6,0
2.6,225.0,8.3,0
2.7,216.4,9.0,0
2.8,203.5,10.1,0
2.8,192.5,4.2,0
2.8,168.0,26.5,0
0.4,168.0,89.0,0
2.8,170.1,89.5,0
1.4,182.5,90.4,0
0.1,183.4,91.1,0
2.2,194.7,91.2,0
1.7,195.9,92.9,0
0.6,236.6,95.7,0
2.5,207.2,97.4,0
1.4,218.1,100.6,0
0.2,229.4,114.3,0
2.1,250.2,101.0,0
1.0,291.5,102.1,0
0.1,312.4,106.1,0
2.0,323.7,106.0,0
1.3,364.8,107.2,0
0.2,345.5,108.1,0
2.1,386.1,149.1,0
1.4,437.2,136.2,0
0.5,448.3,124.4,0
2.8,499.4,111.8,0
1.7,400.5,110.6,0
0.6,421.6,121.4,0
2.5,412.7,120.7,0
1.4,523.8,132.1,0
0.1,554.9,133.2,0
2.3,545.0,147.6,0
1.1,506.5,159.0,0
0.6,564.1,151.1,0
2.5,564.0,166.3,0
1.4,563.8,167.0,0
0.0,565.0,0.0,0
0.1,565.6,0.1,0
0.2,575.4,0.2,0
0.3,584.2,0.3,0
0.5,571.1,0.5,0
0.6,570.5,0.6,0
0.7,582.5,0.7,0
0.8,583.1,0.8,0
0.9,597.2,0.9,0
1.0,599.0,1.0,0
1.1,619.1,1.1,0
1.2,625.2,1.2,0
1.3,604.5,1.3,0
1.4,687.8,1.4,0
1.5,651.1,1.5,0
1.6,642.2,1.6,0
1.7,713.0,1.7,0
1.8,722.4,1.8,0
1.9,700.7,1.9,0
2.0,811.3,2.0,0
2.1,834.0,2.1,0
2.2,865.2,2.2,0
2.3,853.1,2.3,0
2.4,849.5,2.4,0
2.5,915.9,2.5,0
2.6,922.0,2.6,0
2.7,951.4,2.7,0
2.8,940.6,2.8,0
2.8,982.8,2.8,0
2.8,994.1,2.8,0
0.0,565.0,2.9,0
0.1,572.0,2.9,0
0.2,569.5,3.3,0
0.3,571.4,4.2,0
0.5,585.1,5.2,0
0.6,591.0,7.6,0
0.7,582.2,8.4,0
0.8,567.1,9.7,0
0.9,590.4,10.1,0
1.0,587.9,11.4,0
1.1,584.6,15.1,0
1.2,575.3,17.0,0
1.3,725.2,21.3,0
1.4,710.3,20.1,0
1.5,701.4,43.1,0
1.6,724.7,48.4,0
1.7,785.5,39.5,0
1.8,773.4,33.5,0
1.9,760.1,30.1,0
2.0,759.2,31.6,0
2.1,847.1,56.0,0
2.2,818.2,54.1,0
2.3,835.5,59.4,0
2.4,822.4,67.4,0
2.5,851.7,66.9,0
2.6,840.4,71.0,0
2.7,811.6,73.6,0
2.8,995.1,84.7,0
2.8,981.2,84.7,0
2.8,995.0,88.0,0
2.8,565.0,89.0,0
2.8,572.0,89.0,0
2.8,569.5,99.2,0
2.4,571.4,90.5,0
2.7,585.1,91.8,0
2.5,591.0,95.7,0
2.6,582.2,94.4,0
2.1,567.1,95.1,0
2.2,590.4,98.5,0
2.3,587.9,101.6,0
2.1,584.6,103.3,0
1.4,575.3,105.2,0
1.7,725.2,109.1,0
1.9,710.3,111.4,0
1.5,701.4,110.5,0
1.4,724.7,115.2,0
1.1,785.5,119.0,0
1.2,773.4,120.2,0
1.9,760.1,125.1,0
1.0,759.2,129.5,0
1.1,847.1,135.6,0
0.4,818.2,139.0,0
0.5,835.5,149.1,0
0.0,822.4,148.2,0
0.1,851.7,156.5,0
0.2,840.4,157.4,0
0.1,811.6,164.8,0
1.6,995.1,167.0,0
1.7,981.2,165.0,0
1.9,995.0,158.3,0
2.9,168.0,2.0,0
2.9,170.0,2.1,0
2.9,181.2,2.2,0
2.9,182.1,2.3,0
2.9,193.4,2.4,0
2.9,194.6,2.5,0
3.2,235.8,2.6,0
3.2,206.7,2.7,0
3.1,217.5,2.8,0
3.1,228.4,2.8,0
3.1,259.2,2.7,0
3.1,290.8,2.7,0
3.0,311.7,2.5,0
3.0,322.4,1.5,0
3.0,363.0,1.6,0
4.0,344.3,1.6,0
4.0,385.6,1.4,0
4.0,436.5,1.4,0
4.1,447.4,1.1,0
5.1,498.0,1.9,0
5.1,409.2,1.9,0
5.0,420.1,0.9,0
5.0,411.9,0.8,0
5.0,522.8,0.8,0
5.0,553.7,0.8,0
4.2,544.5,0.7,0
4.1,505.4,0.4,0
4.1,561.2,0.9,0
4.0,564.0,2.7,0
4.0,563.0,2.6,0
2.9,564.0,2.9,0
2.9,555.5,3.0,0
3.0,533.2,3.5,0
4.1,540.1,4.4,0
5.2,551.4,5.0,0
7.6,515.5,7.2,0
8.4,404.9,8.4,0
9.7,437.6,8.9,0
10.9,428.4,9.7,0
11.4,419.1,11.1,0
15.1,404.2,15.1,0
17.5,425.5,17.5,0
21.3,411.3,21.7,0
20.1,376.4,20.8,0
43.1,393.7,43.1,0
48.4,382.8,48.3,0
39.5,341.9,39.0,0
33.6,350.6,33.5,0
30.1,361.4,30.4,0
31.6,314.2,32.7,0
56.0,335.1,54.0,0
54.1,228.4,55.1,0
59.3,272.5,58.3,0
67.4,241.6,66.4,0
66.9,254.3,67.9,0
71.0,225.0,70.0,0
73.1,216.4,72.1,0
74.7,203.5,73.7,0
84.3,192.5,85.3,0
88.0,168.0,88.0,0
88.0,168.2,89.0,0
88.0,168.5,88.1,0
88.0,168.1,88.2,0
88.0,168.5,88.3,0
88.0,168.4,88.4,0
88.0,168.2,88.5,0
88.0,168.6,88.6,0
88.0,169.3,88.7,0
87.2,169.2,88.8,0
87.1,169.5,89.9,0
87.5,169.4,89.8,0
87.4,200.1,89.5,0
87.9,200.2,89.4,0
87.7,201.0,89.6,0
87.8,201.1,89.2,0
87.5,202.2,90.1,0
87.6,202.3,90.0,0
85.3,203.6,90.1,0
85.0,204.5,90.2,0
85.1,250.4,90.1,0
85.5,252.2,90.0,0
85.4,253.0,91.1,0
85.7,264.1,91.2,0
85.8,265.2,91.3,0
86.9,266.5,91.4,0
86.1,271.4,91.5,0
86.5,272.3,92.6,0
86.4,286.2,92.7,0
86.6,287.1,92.8,0
86.9,290.0,92.5,0
2.9,565.0,2.0,0
2.9,565.6,2.1,0
2.9,575.4,2.2,0
2.9,584.5,2.3,0
2.9,571.4,2.4,0
2.9,570.2,2.5,0
3.2,582.5,2.6,0
3.2,583.2,2.7,0
3.1,597.1,2.8,0
3.1,599.4,2.8,0
3.1,619.9,2.7,0
3.1,625.7,2.7,0
3.0,604.8,2.5,0
3.0,687.2,1.5,0
3.0,651.3,1.6,0
4.0,642.0,1.6,0
4.0,713.1,1.4,0
4.0,722.8,1.4,0
4.1,700.9,1.1,0
5.1,811.5,1.9,0
5.1,834.2,1.9,0
5.0,865.1,0.9,0
5.0,853.0,0.8,0
5.0,849.2,0.8,0
5.0,915.5,0.8,0
4.2,922.5,0.7,0
4.1,951.6,0.4,0
4.1,940.3,0.9,0
4.0,982.4,2.7,0
4.0,994.0,2.6,0
2.9,571.5,2.9,0
2.9,585.7,2.9,0
3.0,591.9,3.0,0
4.1,582.1,4.2,0
5.2,567.0,5.1,0
7.6,590.2,7.4,0
8.4,587.1,8.5,0
9.7,584.6,8.6,0
10.9,575.4,11.9,0
11.4,725.2,11.7,0
15.1,710.3,15.5,0
17.5,701.5,17.2,0
21.3,724.8,21.1,0
20.1,785.4,20.2,0
43.1,773.5,43.5,0
48.4,760.2,48.4,0
39.5,759.1,39.5,0
33.6,847.0,33.6,0
30.1,818.3,30.9,0
31.6,835.4,30.3,0
56.0,822.6,55.1,0
54.1,851.8,55.2,0
59.3,840.4,58.4,0
67.4,811.7,66.0,0
66.9,820.9,65.1,0
71.0,953.6,72.4,0
73.1,942.2,72.0,0
74.7,995.0,73.1,0
84.3,981.4,85.2,0
88.0,995.5,88.0,0
88.0,565.0,89.0,0
88.0,565.6,88.1,0
88.0,575.4,88.2,0
88.0,584.5,88.3,0
88.0,571.4,88.4,0
88.0,570.2,88.5,0
88.0,582.5,88.6,0
88.0,583.2,88.7,0
87.2,597.1,88.8,0
87.1,599.4,89.9,0
87.5,619.9,89.8,0
87.4,625.7,89.5,0
87.9,604.8,89.4,0
87.7,687.2,89.6,0
87.8,651.3,89.2,0
87.5,642.0,90.1,0
87.6,713.1,90.0,0
85.3,722.8,90.1,0
85.0,700.9,90.2,0
85.1,811.5,90.1,0
85.5,834.2,90.0,0
85.4,865.1,91.1,0
85.7,853.0,91.2,0
85.8,849.2,91.3,0
86.9,915.5,91.4,0
86.1,922.5,91.5,0
86.5,951.6,92.6,0
86.4,940.3,92.7,0
86.6,982.4,92.8,0
87.9,994.0,92.5,0
167.0,168.0,2.0,0
166.9,168.5,2.1,0
166.8,167.7,2.2,0
166.7,167.5,2.3,0
166.8,167.4,2.4,0
165.9,167.7,2.5,0
167.0,170.8,2.6,0
167.0,171.5,2.7,0
167.0,170.7,2.8,0
167.0,167.8,2.8,0
167.0,167.9,2.7,0
167.0,168.4,2.7,0
167.0,168.7,2.5,0
167.0,170.4,1.5,0
166.8,171.5,1.6,0
166.9,171.4,1.6,0
166.7,171.1,1.4,0
166.4,172.2,1.4,0
166.5,168.1,1.1,0
166.6,168.0,1.9,0
165.3,170.2,1.9,0
165.2,171.5,0.9,0
165.1,172.2,0.8,0
165.4,172.1,0.8,0
165.5,173.0,0.8,0
165.7,172.0,0.7,0
164.8,171.0,0.4,0
164.5,167.2,0.9,0
164.4,168.0,2.7,0
164.1,169.0,2.6,0
167.0,168.0,2.9,0
166.9,168.5,2.9,0
166.8,167.7,3.0,0
166.7,167.5,4.2,0
166.8,167.4,5.1,0
165.9,167.7,7.4,0
167.0,170.8,8.5,0
167.0,171.5,8.6,0
167.0,170.7,11.9,0
167.0,167.8,11.7,0
167.0,167.9,15.5,0
167.0,168.4,17.2,0
167.0,168.7,21.1,0
167.0,170.4,20.2,0
166.8,171.5,43.5,0
166.9,171.4,48.4,0
166.7,171.1,39.5,0
166.4,172.2,33.6,0
166.5,168.1,30.9,0
166.6,168.0,30.3,0
165.3,170.2,55.1,0
165.2,171.5,55.2,0
165.1,172.2,58.4,0
165.4,172.1,66.0,0
165.5,173.0,65.1,0
165.7,172.0,72.4,0
164.8,171.0,72.0,0
164.5,167.2,73.1,0
164.4,168.0,85.2,0
164.1,169.0,88.0,0
167.0,168.0,166.9,0
166.9,168.5,166.8,0
166.8,167.7,166.7,0
166.7,167.5,166.4,0
166.8,167.4,167.0,0
165.9,167.7,167.0,0
167.0,170.8,167.0,0
167.0,171.5,167.0,0
167.0,170.7,167.0,0
167.0,167.8,167.0,0
167.0,167.9,167.0,0
167.0,168.4,167.0,0
167.0,168.7,166.9,0
167.0,170.4,166.6,0
166.8,171.5,166.5,0
166.9,171.4,165.4,0
166.7,171.1,165.1,0
166.4,172.2,165.3,0
166.5,168.1,165.7,0
166.6,168.0,165.8,0
165.3,170.2,164.5,0
165.2,171.5,164.2,0
165.1,172.2,164.0,0
165.4,172.1,164.4,0
165.5,173.0,164.6,0
165.7,172.0,164.3,0
164.8,171.0,165.4,0
164.5,167.2,165.7,0
164.4,168.0,166.1,0
164.1,169.0,167.0,0
166.9,604.8,0.0,0
166.8,687.2,1.2,0
166.7,651.3,2.1,0
166.4,642.0,0.2,0
167.0,713.1,1.0,0
167.0,722.8,2.6,0
167.0,700.9,0.4,0
167.0,811.5,1.7,0
167.0,834.2,2.8,0
167.0,865.1,0.9,0
167.0,853.0,1.6,0
167.0,849.2,2.5,0
166.9,915.5,0.2,0
166.6,785.4,1.9,0
166.5,773.5,2.4,0
165.4,760.2,0.2,0
165.1,759.1,1.6,0
165.3,847.0,2.4,0
165.7,818.3,0.2,0
165.8,835.4,1.0,0
164.5,822.6,2.4,0
164.2,851.8,0.8,0
164.0,840.4,1.9,0
164.4,811.7,0.6,0
164.6,995.0,1.2,0
164.3,981.4,2.1,0
165.4,995.5,0.4,0
165.7,565.0,1.8,0
166.1,572.1,2.5,0
167.0,569.2,0.2,0
88.0,568.5,89.0,0
88.0,569.0,88.1,0
88.0,568.8,88.2,0
88.0,567.7,88.3,0
88.0,566.0,88.4,0
88.0,565.5,88.5,0
88.0,565.4,88.6,0
88.0,566.1,88.7,0
87.2,566.3,88.8,0
87.1,566.6,89.9,0
87.5,565.5,89.8,0
87.4,565.4,89.5,0
87.9,565.1,89.4,0
87.7,570.0,89.6,0
87.8,571.5,89.2,0
87.5,571.7,90.1,0
87.6,571.9,90.0,0
85.3,572.6,90.1,0
85.0,571.1,90.2,0
85.1,571.2,90.1,0
85.5,571.9,90.0,0
85.4,571.7,91.1,0
85.7,570.4,91.2,0
85.8,570.0,91.3,0
86.9,565.3,91.4,0
86.1,565.5,91.5,0
86.5,565.4,92.6,0
86.4,565.1,92.7,0
86.6,565.2,92.8,0
87.9,565.0,92.5,0
166.9,571.5,167.0,0
166.8,585.7,166.9,0
166.7,591.9,166.8,0
166.4,582.1,166.7,0
167.0,567.0,166.8,0
167.0,590.2,165.9,0
167.0,587.1,167.0,0
167.0,584.6,167.0,0
167.0,847.0,167.0,0
167.0,818.3,167.0,0
167.0,835.4,167.0,0
167.0,822.6,167.0,0
166.9,851.8,167.0,0
166.6,840.4,167.0,0
166.5,811.7,166.8,0
165.4,995.0,166.9,0
165.1,981.4,166.7,0
165.3,995.5,166.4,0
165.7,565.0,166.5,0
165.8,572.1,166.6,0
164.5,569.2,165.3,0
164.2,851.8,165.2,0
164.0,840.4,165.1,0
164.4,811.7,165.4,0
164.6,820.9,165.5,0
164.3,953.6,165.7,0
165.4,942.2,164.8,0
165.7,995.0,164.5,0
166.1,981.4,164.4,0
167.0,995.5,164.1,0
2.8,2.8,168.1,0
2.8,2.8,168.8,0
2.8,2.8,170.4,0
2.4,2.4,175.1,0
2.7,2.7,174.0,0
2.5,2.5,185.5,0
2.6,2.6,182.4,0
2.1,2.1,184.1,0
2.2,2.2,195.0,0
2.3,2.3,190.6,0
2.1,2.1,197.3,0
1.4,1.4,204.2,0
1.7,1.7,215.1,0
1.9,1.9,213.5,0
1.5,1.5,222.4,0
1.4,1.4,235.0,0
1.1,1.1,251.5,0
1.2,1.2,267.1,0
1.9,1.9,304.9,0
1.0,1.0,346.7,0
1.1,1.1,379.4,0
0.4,0.4,387.3,0
0.5,0.5,394.0,0
0.0,0.0,393.6,0
0.1,0.1,415.1,0
0.2,0.2,425.7,0
0.1,0.1,451.5,0
1.6,1.6,572.2,0
1.7,1.7,564.0,0
1.9,1.9,564.0,0
0.0,0.2,565.0,0
1.2,1.3,572.1,0
2.1,2.4,569.2,0
0.2,0.8,571.5,0
1.0,1.9,585.7,0
2.6,2.6,591.9,0
0.4,0.3,582.1,0
1.7,1.1,567.0,0
2.8,2.4,590.2,0
0.9,0.5,587.1,0
1.6,1.2,584.6,0
2.5,2.0,575.4,0
0.2,0.1,725.2,0
1.9,1.4,710.3,0
2.4,2.8,701.5,0
0.2,0.7,724.8,0
1.6,1.5,785.4,0
2.4,2.4,773.5,0
0.2,0.6,760.2,0
1.0,1.3,759.1,0
2.4,2.2,847.0,0
0.8,0.1,818.3,0
1.9,1.7,835.4,0
0.6,0.2,822.6,0
1.2,1.5,851.8,0
2.1,2.8,840.4,0
0.4,0.4,811.7,0
1.8,1.0,995.0,0
2.5,2.2,981.4,0
0.2,0.1,995.5,0
2.0,2.9,168.0,0
2.1,2.9,170.0,0
2.2,2.9,181.2,0
2.3,2.9,182.1,0
2.4,2.9,193.4,0
2.5,2.9,194.6,0
2.6,3.2,235.8,0
2.7,3.2,206.7,0
2.8,3.1,217.5,0
2.8,3.1,228.4,0
2.7,3.1,259.2,0
2.7,3.1,290.8,0
2.5,3.0,311.7,0
1.5,3.0,322.4,0
1.6,3.0,363.0,0
1.6,4.0,344.3,0
1.4,4.0,385.6,0
1.4,4.0,436.5,0
1.1,4.1,447.4,0
1.9,5.1,498.0,0
1.9,5.1,409.2,0
0.9,5.0,420.1,0
0.8,5.0,411.9,0
0.8,5.0,522.8,0
0.8,5.0,553.7,0
0.7,4.2,544.5,0
0.4,4.1,505.4,0
0.9,4.1,561.2,0
2.7,4.0,564.0,0
2.6,4.0,563.0,0
2.0,2.9,785.5,0
2.1,2.9,773.4,0
2.2,2.9,760.1,0
2.3,2.9,759.2,0
2.4,2.9,847.1,0
2.5,2.9,818.2,0
2.6,3.2,835.5,0
2.7,3.2,822.4,0
2.8,3.1,851.7,0
2.8,3.1,840.4,0
2.7,3.1,811.6,0
2.7,3.1,820.9,0
2.5,3.0,953.5,0
1.5,3.0,942.4,0
1.6,3.0,995.1,0
1.6,4.0,981.2,0
1.4,4.0,995.0,0
1.4,4.0,565.0,0
1.1,4.1,565.6,0
1.9,5.1,575.4,0
1.9,5.1,584.5,0
0.9,5.0,571.4,0
0.8,5.0,570.2,0
0.8,5.0,582.5,0
0.8,5.0,583.2,0
0.7,4.2,597.1,0
0.4,4.1,599.4,0
0.9,4.1,604.8,0
2.7,4.0,687.2,0
2.6,4.0,651.3,0
2.8,167.0,168.0,0
2.8,166.9,168.5,0
2.8,166.8,167.7,0
2.4,166.7,167.5,0
2.7,166.8,167.4,0
2.5,165.9,167.7,0
2.6,167.0,170.8,0
2.1,167.0,171.5,0
2.2,167.0,170.7,0
2.3,167.0,167.8,0
2.1,167.0,167.9,0
1.4,167.0,168.4,0
1.7,167.0,168.7,0
1.9,167.0,170.4,0
1.5,166.8,171.5,0
1.4,166.9,171.4,0
1.1,166.7,171.1,0
1.2,166.4,172.2,0
1.9,166.5,168.1,0
1.0,166.6,168.0,0
1.1,165.3,170.2,0
0.4,165.2,171.5,0
0.5,165.1,172.2,0
0.0,165.4,172.1,0
0.1,165.5,173.0,0
0.2,165.7,172.0,0
0.1,164.8,171.0,0
1.6,164.5,167.2,0
1.7,164.4,168.0,0
1.9,164.1,169.0,0
0.4,89.0,565.0,0
2.8,89.5,565.6,0
1.4,90.4,575.4,0
0.1,91.1,584.2,0
2.2,91.2,571.1,0
1.7,92.9,570.5,0
0.6,95.7,582.5,0
2.5,97.4,583.1,0
1.4,100.6,597.2,0
0.2,114.3,599.0,0
2.1,101.0,619.1,0
1.0,102.1,625.2,0
0.1,106.1,604.5,0
2.0,106.0,687.8,0
1.3,107.2,651.1,0
0.2,108.1,642.2,0
2.1,149.1,713.0,0
1.4,136.2,722.4,0
0.5,124.4,700.7,0
2.8,111.8,811.3,0
1.7,110.6,834.0,0
0.6,121.4,865.2,0
2.5,120.7,853.1,0
1.4,132.1,849.5,0
0.1,133.2,915.9,0
2.3,147.6,922.0,0
1.1,159.0,951.4,0
0.6,151.1,940.6,0
2.5,166.3,982.8,0
1.4,167.0,994.1,0
3.0,1.6,168.0,0
4.0,1.6,170.0,0
4.0,1.4,181.2,0
4.0,1.4,182.1,0
4.1,1.1,193.4,0
5.1,1.9,194.6,0
5.1,1.9,235.8,0
5.0,0.9,206.7,0
5.0,0.8,217.5,0
5.0,0.8,228.4,0
5.0,0.8,259.2,0
4.2,0.7,290.8,0
4.1,0.4,311.7,0
4.1,0.9,322.4,0
4.0,2.7,363.0,0
4.0,2.6,344.3,0
2.9,2.0,385.6,0
2.9,2.1,436.5,0
2.9,2.2,447.4,0
2.9,2.3,498.0,0
2.9,2.4,409.2,0
2.9,2.5,420.1,0
3.2,2.6,411.9,0
3.2,2.7,522.8,0
3.1,2.8,553.7,0
3.1,2.8,544.5,0
3.1,2.7,505.4,0
3.1,2.7,561.2,0
3.0,2.5,564.0,0
3.0,1.5,563.0,0
2.9,2.4,565.0,0
2.9,2.5,565.6,0
3.2,2.6,575.4,0
3.2,2.7,584.5,0
3.1,2.8,571.4,0
3.1,2.8,570.2,0
3.1,2.7,582.5,0
3.1,2.7,583.2,0
3.0,2.5,597.1,0
3.0,1.5,599.4,0
3.0,1.6,619.9,0
4.0,1.6,625.7,0
4.0,1.4,604.8,0
4.0,1.4,687.2,0
4.1,1.1,651.3,0
5.1,1.9,642.0,0
5.1,1.9,713.1,0
5.0,0.9,722.8,0
5.0,0.8,700.9,0
5.0,0.8,811.5,0
5.0,0.8,834.2,0
4.2,0.7,865.1,0
4.1,0.4,853.0,0
4.1,0.9,849.2,0
4.0,2.7,915.5,0
4.0,2.6,922.5,0
2.9,2.0,951.6,0
2.9,2.1,940.3,0
2.9,2.2,982.4,0
2.9,2.3,994.0,0
2.9,2.9,168.0,0
2.9,2.9,170.0,0
3.0,3.3,181.2,0
4.1,4.2,182.1,0
5.2,5.2,193.4,0
7.6,7.6,194.6,0
8.4,8.4,235.8,0
9.7,9.7,206.7,0
10.9,10.1,217.5,0
11.4,11.4,228.4,0
15.1,15.1,259.2,0
17.5,17.0,290.8,0
21.3,21.3,311.7,0
20.1,20.1,322.4,0
43.1,43.1,363.0,0
48.4,48.4,344.3,0
39.5,39.5,385.6,0
33.6,33.5,436.5,0
30.1,30.1,447.4,0
31.6,31.6,498.0,0
56.0,56.0,409.2,0
54.1,54.1,420.1,0
59.3,59.4,411.9,0
67.4,67.4,522.8,0
66.9,66.9,553.7,0
71.0,71.0,544.5,0
73.1,73.6,505.4,0
74.7,74.7,561.2,0
84.3,84.7,564.0,0
88.0,88.0,563.0,0
2.9,2.9,565.0,0
2.9,2.9,565.6,0
3.3,3.0,575.4,0
4.2,4.1,584.5,0
5.2,5.2,571.4,0
7.6,7.6,570.2,0
8.4,8.4,582.5,0
9.7,9.7,583.2,0
10.1,10.9,597.1,0
11.4,11.4,599.4,0
15.1,15.1,619.9,0
17.0,17.5,625.7,0
21.3,21.3,604.8,0
20.1,20.1,687.2,0
43.1,43.1,651.3,0
48.4,48.4,642.0,0
39.5,39.5,713.1,0
33.5,33.6,722.8,0
30.1,30.1,700.9,0
31.6,31.6,811.5,0
56.0,56.0,834.2,0
54.1,54.1,865.1,0
59.4,59.3,853.0,0
67.4,67.4,849.2,0
66.9,66.9,915.5,0
71.0,71.0,922.5,0
73.6,73.1,951.6,0
74.7,74.7,940.3,0
84.7,84.3,982.4,0
88.0,88.0,994.0,0
88.0,89.0,168.0,0
88.0,88.1,170.0,0
88.0,88.2,181.2,0
88.0,88.3,182.1,0
88.0,88.4,193.4,0
88.0,88.5,194.6,0
88.0,88.6,235.8,0
88.0,88.7,206.7,0
87.2,88.8,217.5,0
87.1,89.9,228.4,0
87.5,89.8,259.2,0
87.4,89.5,290.8,0
87.9,89.4,311.7,0
87.7,89.6,322.4,0
87.8,89.2,363.0,0
87.5,90.1,344.3,0
87.6,90.0,385.6,0
85.3,90.1,436.5,0
85.0,90.2,447.4,0
85.1,90.1,498.0,0
85.5,90.0,409.2,0
85.4,91.1,420.1,0
85.7,91.2,411.9,0
85.8,91.3,522.8,0
86.9,91.4,553.7,0
86.1,91.5,544.5,0
86.5,92.6,505.4,0
86.4,92.7,561.2,0
86.6,92.8,564.0,0
86.9,92.5,563.0,0
88.0,89.0,565.0,0
88.0,88.1,565.6,0
88.0,88.2,575.4,0
88.0,88.3,584.5,0
88.0,88.4,571.4,0
88.0,88.5,570.2,0
88.0,88.6,582.5,0
88.0,88.7,583.2,0
87.2,88.8,597.1,0
87.1,89.9,599.4,0
87.5,89.8,619.9,0
87.4,89.5,625.7,0
87.9,89.4,604.8,0
87.7,89.6,687.2,0
87.8,89.2,651.3,0
87.5,90.1,642.0,0
87.6,90.0,713.1,0
85.3,90.1,722.8,0
85.0,90.2,700.9,0
85.1,90.1,811.5,0
85.5,90.0,834.2,0
85.4,91.1,865.1,0
85.7,91.2,853.0,0
85.8,91.3,849.2,0
86.9,91.4,915.5,0
86.1,91.5,922.5,0
86.5,92.6,951.6,0
86.4,92.7,940.3,0
86.6,92.8,982.4,0
87.9,92.5,994.0,0
166.9,2.0,168.0,0
166.8,2.1,168.5,0
166.7,2.2,167.7,0
166.4,2.3,167.5,0
167.0,2.4,167.4,0
167.0,2.5,167.7,0
167.0,2.6,170.8,0
167.0,2.7,171.5,0
167.0,2.8,170.7,0
167.0,2.8,167.8,0
167.0,2.7,167.9,0
167.0,2.7,168.4,0
166.9,2.5,168.7,0
166.6,1.5,170.4,0
166.5,1.6,171.5,0
165.4,1.6,171.4,0
165.1,1.4,171.1,0
165.3,1.4,172.2,0
165.7,1.1,168.1,0
165.8,1.9,168.0,0
164.5,1.9,170.2,0
164.2,0.9,171.5,0
164.0,0.8,172.2,0
164.4,0.8,172.1,0
164.6,0.8,173.0,0
164.3,0.7,172.0,0
165.4,0.4,171.0,0
165.7,0.9,167.2,0
166.1,2.7,168.0,0
167.0,2.6,169.0,0
89.0,0.0,571.5,0
89.5,1.2,585.7,0
90.4,2.1,591.9,0
91.1,0.2,582.1,0
91.2,1.0,567.0,0
92.9,2.6,590.2,0
95.7,0.4,587.1,0
97.4,1.7,584.6,0
100.6,2.8,847.0,0
114.3,0.9,818.3,0
101.0,1.6,835.4,0
102.1,2.5,822.6,0
106.1,0.2,851.8,0
106.0,1.9,840.4,0
107.2,2.4,811.7,0
108.1,0.2,995.0,0
149.1,1.6,981.4,0
136.2,2.4,995.5,0
124.4,0.2,565.0,0
111.8,1.0,572.1,0
110.6,2.4,569.2,0
121.4,0.8,851.8,0
120.7,1.9,840.4,0
132.1,0.6,811.7,0
133.2,1.2,820.9,0
147.6,2.1,953.6,0
159.0,0.4,942.2,0
151.1,1.8,995.0,0
166.3,2.5,981.4,0
167.0,0.2,995.5,0
167.0,2.9,168.0,0
166.9,2.9,168.5,0
166.8,3.0,167.7,0
166.7,4.2,167.5,0
166.8,5.1,167.4,0
165.9,7.4,167.7,0
167.0,8.5,170.8,0
167.0,8.6,171.5,0
167.0,11.9,170.7,0
167.0,11.7,167.8,0
167.0,15.5,167.9,0
167.0,17.2,168.4,0
167.0,21.1,168.7,0
167.0,20.2,170.4,0
166.8,43.5,171.5,0
166.9,48.4,171.4,0
166.7,39.5,171.1,0
166.4,33.6,172.2,0
166.5,30.9,168.1,0
166.6,30.3,168.0,0
165.3,55.1,170.2,0
165.2,55.2,171.5,0
165.1,58.4,172.2,0
165.4,66.0,172.1,0
165.5,65.1,173.0,0
165.7,72.4,172.0,0
164.8,72.0,171.0,0
164.5,73.1,167.2,0
164.4,85.2,168.0,0
164.1,88.0,169.0,0
89.0,88.0,565.0,0
88.1,88.0,565.6,0
88.2,88.0,575.4,0
88.3,88.0,584.5,0
88.4,88.0,571.4,0
88.5,88.0,570.2,0
88.6,88.0,582.5,0
88.7,88.0,583.2,0
88.8,87.2,597.1,0
89.9,87.1,599.4,0
89.8,87.5,619.9,0
89.5,87.4,625.7,0
89.4,87.9,604.8,0
89.6,87.7,687.2,0
89.2,87.8,651.3,0
90.1,87.5,642.0,0
90.0,87.6,713.1,0
90.1,85.3,722.8,0
90.2,85.0,700.9,0
90.1,85.1,811.5,0
90.0,85.5,834.2,0
91.1,85.4,865.1,0
91.2,85.7,853.0,0
91.3,85.8,849.2,0
91.4,86.9,915.5,0
91.5,86.1,922.5,0
92.6,86.5,951.6,0
92.7,86.4,940.3,0
92.8,86.6,982.4,0
92.5,87.9,994.0,0
167.0,166.8,168.0,0
166.9,166.7,168.5,0
166.8,166.4,167.7,0
166.7,167.0,167.5,0
166.8,167.0,167.4,0
165.9,167.0,167.7,0
167.0,167.0,170.8,0
167.0,167.0,171.5,0
167.0,167.0,170.7,0
167.0,167.0,167.8,0
167.0,167.0,167.9,0
167.0,166.9,168.4,0
167.0,166.6,168.7,0
167.0,166.5,170.4,0
166.8,165.4,171.5,0
166.9,165.1,171.4,0
166.7,165.3,171.1,0
166.4,165.7,172.2,0
166.5,165.8,168.1,0
166.6,164.5,168.0,0
165.3,164.2,170.2,0
165.2,164.0,171.5,0
165.1,164.4,172.2,0
165.4,164.6,172.1,0
165.5,164.3,173.0,0
165.7,165.4,172.0,0
164.8,165.7,171.0,0
164.5,165.8,167.2,0
164.4,165.4,168.0,0
164.1,166.1,169.0,0
89.0,89.7,604.8,0
89.0,89.6,687.2,0
99.2,90.2,651.3,0
90.5,91.3,642.0,0
91.8,91.1,713.1,0
95.7,92.7,722.8,0
94.4,95.5,700.9,0
95.1,94.2,811.5,0
98.5,96.0,834.2,0
101.6,98.7,865.1,0
103.3,99.4,853.0,0
105.2,100.6,849.2,0
109.1,101.2,915.5,0
111.4,101.1,785.4,0
110.5,105.9,773.5,0
115.2,108.8,760.2,0
119.0,107.8,759.1,0
120.2,117.7,847.0,0
125.1,118.0,818.3,0
129.5,124.8,835.4,0
135.6,125.0,822.6,0
139.0,133.7,851.8,0
149.1,142.4,840.4,0
148.2,151.6,811.7,0
156.5,167.2,995.0,0
157.4,117.3,981.4,0
164.8,158.3,995.5,0
167.0,154.2,565.0,0
165.0,125.3,572.1,0
158.3,126.4,569.2,0
0.0,168.0,168.4,1
0.1,168.8,168.1,1
0.2,171.0,170.2,1
0.3,175.2,174.4,1
0.5,174.4,173.5,1
0.6,185.9,185.7,1
0.7,182.3,183.9,1
0.8,184.1,185.1,1
0.9,194.0,194.3,1
1.0,191.4,191.0,1
1.1,196.7,196.2,1
1.2,205.1,205.1,1
1.3,216.5,216.7,1
1.4,211.8,211.8,1
1.5,224.2,224.0,1
1.6,235.6,235.1,1
1.7,251.5,251.4,1
1.8,267.4,267.6,1
1.9,304.5,304.3,1
2.0,346.0,347.5,1
2.1,379.1,378.2,1
2.2,387.6,388.1,1
2.3,394.9,395.0,1
2.4,393.8,394.7,1
2.5,415.7,416.9,1
2.6,425.5,426.0,1
2.7,451.4,452.4,1
2.8,572.2,572.6,1
2.8,564.0,564.0,1
2.8,564.0,564.0,1
2.8,564.0,568.5,1
2.8,563.9,569.0,1
2.8,563.2,568.8,1
2.4,562.1,567.7,1
2.7,562.2,566.0,1
2.5,561.9,565.5,1
2.6,561.7,565.4,1
2.1,563.4,566.1,1
2.2,563.5,566.3,1
2.3,563.6,566.6,1
2.1,563.3,565.5,1
1.4,563.1,565.4,1
1.7,564.0,565.1,1
1.9,559.3,570.0,1
1.5,559.6,571.5,1
1.4,559.9,571.7,1
1.1,559.8,571.9,1
1.2,559.7,572.6,1
1.9,559.4,571.1,1
1.0,559.5,571.2,1
1.1,556.1,571.9,1
0.4,563.2,571.7,1
0.5,563.0,570.4,1
0.0,563.1,570.0,1
0.1,563.5,565.3,1
0.2,562.5,565.5,1
0.1,562.4,565.4,1
1.6,564.0,565.1,1
1.7,564.0,565.2,1
1.9,563.1,565.0,1
0.4,568.5,561.2,1
2.8,569.0,562.1,1
1.4,568.8,561.4,1
0.1,567.7,563.8,1
2.2,566.0,562.6,1
1.7,565.5,562.3,1
0.6,565.4,562.2,1
2.5,566.1,563.0,1
1.4,566.3,563.1,1
0.2,566.6,563.5,1
2.1,565.5,562.7,1
1.0,565.4,563.9,1
0.1,565.1,564.0,1
2.0,570.0,558.2,1
1.3,571.5,559.1,1
0.2,571.7,558.8,1
2.1,571.9,559.9,1
1.4,572.6,559.6,1
0.5,571.1,558.4,1
2.8,571.2,559.7,1
1.7,571.9,559.2,1
0.6,571.7,563.6,1
2.5,570.4,562.3,1
1.4,570.0,563.1,1
0.1,565.3,564.0,1
2.3,565.5,561.5,1
1.1,565.4,564.0,1
0.6,565.1,563.5,1
2.5,565.2,563.4,1
1.4,565.0,564.0,1
0.9,565.0,565.0,1
1.5,572.1,571.5,1
2.8,569.2,568.2,1
1.6,571.5,572.1,1
2.2,585.7,585.7,1
0.1,591.9,591.8,1
1.4,582.1,585.0,1
2.5,567.0,565.3,1
0.8,590.2,591.6,1
1.7,587.1,586.5,1
1.4,584.6,585.4,1
1.1,575.4,574.7,1
2.2,725.2,725.8,1
2.3,710.3,710.9,1
2.0,701.5,702.6,1
2.5,724.8,723.5,1
0.0,785.4,784.4,1
1.4,773.5,772.2,1
0.0,760.2,761.1,1
0.1,759.1,758.7,1
0.4,847.0,848.8,1
0.5,818.3,818.5,1
1.8,835.4,835.1,1
2.6,822.6,822.9,1
0.3,851.8,851.6,1
1.0,840.4,840.3,1
2.1,811.7,811.4,1
0.0,995.0,995.7,1
2.4,981.4,981.0,1
1.1,995.5,995.5,1
2.9,168.0,168.4,1
2.9,168.8,168.1,1
3.0,171.0,170.2,1
4.1,175.2,174.4,1
5.2,174.4,173.5,1
7.6,185.9,185.7,1
8.4,182.3,183.9,1
9.7,184.1,185.1,1
10.9,194.0,194.3,1
11.4,191.4,191.0,1
15.1,196.7,196.2,1
17.5,205.1,205.1,1
21.3,216.5,216.7,1
20.1,211.8,211.8,1
43.1,224.2,224.0,1
48.4,235.6,235.1,1
39.5,251.5,251.4,1
33.6,267.4,267.6,1
30.1,304.5,304.3,1
31.6,346.0,347.5,1
56.0,379.1,378.2,1
54.1,387.6,388.1,1
59.3,394.9,395.0,1
67.4,393.8,394.7,1
66.9,415.7,416.9,1
71.0,425.5,426.0,1
73.1,451.4,452.4,1
74.7,572.2,572.6,1
84.3,564.0,564.0,1
88.0,564.0,564.0,1
88.0,561.2,565.9,1
85.1,562.1,566.8,1
81.0,561.4,564.7,1
40.5,563.8,564.6,1
73.4,562.6,564.9,1
51.2,562.3,566.6,1
6.6,562.2,569.0,1
27.4,563.0,567.1,1
19.5,563.1,568.5,1
4.1,563.5,565.4,1
26.2,562.7,566.1,1
11.5,563.9,564.2,1
4.4,564.0,566.3,1
5.1,558.2,570.0,1
20.3,559.1,571.1,1
15.6,558.8,571.2,1
46.4,559.9,571.4,1
5.7,559.6,572.5,1
31.8,558.4,571.0,1
22.4,559.7,571.1,1
21.1,559.2,571.3,1
40.0,563.6,571.5,1
11.9,562.3,570.4,1
29.6,563.1,570.1,1
6.1,564.0,565.5,1
46.4,561.5,565.9,1
73.7,564.0,565.8,1
81.8,563.5,565.7,1
9.5,563.4,565.2,1
31.2,564.0,565.0,1
2.9,568.5,561.2,1
2.9,569.0,562.6,1
3.3,568.8,561.5,1
4.2,567.7,563.8,1
5.2,566.0,562.7,1
7.6,565.5,562.4,1
8.4,565.4,562.6,1
9.7,566.1,563.2,1
10.1,566.3,563.5,1
4.1,566.6,563.4,1
26.2,565.5,562.1,1
11.5,565.4,563.5,1
4.4,565.1,564.0,1
5.1,570.0,558.6,1
20.3,571.5,559.1,1
15.6,571.7,558.3,1
46.4,571.9,559.5,1
5.7,572.6,559.9,1
31.8,571.1,558.4,1
22.4,571.2,559.5,1
21.1,571.9,559.8,1
40.0,571.7,563.7,1
11.9,570.4,562.4,1
29.6,570.0,563.5,1
6.1,565.3,564.0,1
46.4,565.5,561.3,1
73.7,565.4,564.0,1
81.8,565.1,563.2,1
9.5,565.2,563.4,1
31.2,565.0,564.0,1
88.0,565.0,565.0,1
85.1,565.6,571.5,1
81.0,575.4,568.2,1
40.5,584.5,572.1,1
73.4,571.4,585.7,1
51.2,570.2,591.8,1
6.6,582.5,585.0,1
27.4,583.2,565.3,1
19.5,597.1,591.6,1
4.1,599.4,586.5,1
26.2,619.9,585.4,1
11.5,625.7,574.7,1
4.4,604.8,725.8,1
5.1,687.2,710.9,1
20.3,651.3,702.6,1
15.6,642.0,723.5,1
46.4,713.1,784.4,1
5.7,722.8,772.2,1
31.8,700.9,761.1,1
22.4,811.5,758.7,1
21.1,834.2,848.8,1
40.0,865.1,818.5,1
11.9,853.0,835.1,1
29.6,849.2,822.9,1
6.1,915.5,851.6,1
46.4,922.5,840.3,1
73.7,951.6,811.4,1
81.8,940.3,995.7,1
9.5,982.4,981.0,1
31.2,994.0,995.5,1
167.0,168.0,168.2,1
166.9,168.5,168.5,1
166.8,167.7,168.1,1
166.7,167.5,168.5,1
166.8,167.4,168.4,1
165.9,167.7,168.2,1
167.0,170.8,168.6,1
167.0,171.5,169.3,1
167.0,170.7,169.2,1
167.0,167.8,169.5,1
167.0,167.9,169.4,1
167.0,168.4,200.1,1
167.0,168.7,200.2,1
167.0,170.4,201.0,1
166.8,171.5,201.1,1
166.9,171.4,202.2,1
166.7,171.1,202.3,1
166.4,172.2,203.6,1
166.5,168.1,204.5,1
166.6,168.0,250.4,1
165.3,170.2,252.2,1
165.2,171.5,253.0,1
165.1,172.2,264.1,1
165.4,172.1,265.2,1
165.5,173.0,266.5,1
165.7,172.0,271.4,1
164.8,171.0,272.3,1
164.5,167.2,286.2,1
164.4,168.0,287.1,1
164.1,169.0,290.0,1
167.0,168.0,642.0,1
167.0,168.5,713.1,1
167.0,167.7,722.8,1
166.8,167.5,700.9,1
166.9,167.4,811.5,1
166.7,167.7,834.2,1
166.4,170.8,865.1,1
166.5,171.5,853.0,1
166.6,170.7,849.2,1
165.3,167.8,915.5,1
165.2,167.2,922.5,1
89.0,167.9,951.6,1
92.9,166.6,940.3,1
95.7,563.9,982.4,1
97.4,556.1,571.9,1
100.6,563.2,571.7,1
114.3,563.0,570.4,1
120.7,564.0,568.5,1
132.1,563.9,569.0,1
133.2,563.2,568.8,1
147.6,562.1,567.7,1
159.0,562.2,566.0,1
151.1,561.9,565.5,1
166.3,561.7,565.4,1
167.0,563.4,566.1,1
107.2,563.5,566.3,1
108.1,563.6,566.6,1
149.1,563.3,565.5,1
136.2,563.1,565.4,1
124.4,564.0,565.1,1
167.0,642.0,168.0,1
167.0,713.1,168.5,1
167.0,722.8,167.7,1
166.8,700.9,167.5,1
166.9,811.5,167.4,1
166.7,834.2,167.7,1
166.4,865.1,170.8,1
166.5,853.0,171.5,1
166.6,849.2,170.7,1
165.3,915.5,167.8,1
165.2,922.5,167.2,1
89.0,951.6,167.9,1
92.9,940.3,166.6,1
95.7,982.4,563.9,1
97.4,571.9,556.1,1
100.6,571.7,563.2,1
114.3,570.4,563.0,1
120.7,568.5,564.0,1
132.1,569.0,563.9,1
133.2,568.8,563.2,1
147.6,567.7,562.1,1
159.0,566.0,562.2,1
151.1,565.5,561.9,1
166.3,565.4,561.7,1
167.0,566.1,563.4,1
107.2,566.3,563.5,1
108.1,566.6,563.6,1
149.1,565.5,563.3,1
136.2,565.4,563.1,1
124.4,565.1,564.0,1
89.0,565.0,565.0,1
89.5,572.0,572.1,1
90.4,569.5,569.2,1
91.1,571.4,571.5,1
91.2,585.1,585.7,1
92.9,591.0,591.9,1
95.7,582.2,582.1,1
97.4,567.1,567.0,1
100.6,590.4,590.2,1
114.3,587.9,587.1,1
101.0,584.6,584.6,1
102.1,575.3,575.4,1
106.1,725.2,725.2,1
106.0,710.3,710.3,1
107.2,701.4,701.5,1
108.1,724.7,724.8,1
149.1,785.5,785.4,1
136.2,773.4,773.5,1
124.4,760.1,760.2,1
111.8,759.2,759.1,1
110.6,847.1,847.0,1
121.4,818.2,818.3,1
120.7,835.5,835.4,1
132.1,822.4,822.6,1
133.2,851.7,851.8,1
147.6,840.4,840.4,1
159.0,811.6,811.7,1
151.1,995.1,995.0,1
166.3,981.2,981.4,1
167.0,995.0,995.5,1
